device_brand,model,ram,internal_memory,days_used,battery_health,screen_condition,new_price_npr,used_price_npr
Samsung,Galaxy S23,8,256,1167,0.56,1,95000,14000
Nokia,Nokia G22,4,64,326,0.83,1,16000,6000
OnePlus,OnePlus 11,12,256,1185,0.61,0,65000,6500
Vivo,Vivo X100,12,256,298,0.91,0,70000,25500
Realme,Realme C53,4,64,681,0.73,1,13000,3000
Realme,Realme C53,4,64,1291,0.57,0,13000,2000
OnePlus,OnePlus Nord 3,8,128,551,0.88,1,38000,15000
Huawei,Huawei Nova 11i,8,128,1147,0.65,1,28000,3000
Realme,Realme C53,4,64,256,0.94,0,13000,5000
Apple,iPhone 14,6,128,633,0.75,1,115000,43000
Apple,iPhone 15 Pro Max,8,512,308,0.89,1,210000,121000
Oppo,Oppo A38,4,128,859,0.75,1,17000,4000
Realme,Realme Narzo 60,6,128,1059,0.68,1,22000,3000
Apple,iPhone 12,4,64,1267,0.59,1,72000,11500
OnePlus,OnePlus Nord CE 3 Lite,8,128,235,0.96,0,25000,11000
Samsung,Galaxy A14,4,64,1177,0.54,1,18000,2500
Realme,Realme C53,4,64,704,0.74,1,13000,3000
Samsung,Galaxy S24 Ultra,12,512,676,0.83,1,175000,61500
Samsung,Galaxy A55,8,256,1154,0.63,1,52000,7500
Realme,Realme C53,4,64,1198,0.59,1,13000,2000
Infinix,Infinix Note 30,8,128,345,0.88,0,20000,4500
Nokia,Nokia G22,4,64,1237,0.62,1,16000,2000
Vivo,Vivo V30,8,256,1003,0.65,1,42000,6000
Apple,iPhone 15 Pro,8,256,631,0.82,1,170000,71000
Xiaomi,Xiaomi 14,12,256,63,0.96,1,85000,51500
Apple,iPhone 13,4,128,1084,0.64,1,95000,17000
Oppo,Oppo A78,8,128,1053,0.69,1,25000,3500
Vivo,Vivo Y18,4,64,1035,0.58,1,15000,2000
Xiaomi,Redmi Note 12,6,128,203,0.88,1,19000,9500
Huawei,Huawei Nova Y90,6,128,702,0.83,1,25000,7000
Xiaomi,Redmi 13C,4,128,1083,0.6,1,13000,2000
Xiaomi,Redmi A3,3,64,687,0.82,0,10000,2000
Apple,iPhone 13,4,128,479,0.85,1,95000,51500
Samsung,Galaxy F15,4,128,58,0.95,1,15000,10000
Xiaomi,POCO X6,8,256,952,0.77,1,28000,5500
OnePlus,OnePlus Nord CE 4,8,256,1143,0.64,1,30000,4000
Samsung,Galaxy F15,4,128,514,0.85,1,15000,6000
Samsung,Galaxy S23 Ultra,12,256,1196,0.56,1,155000,21500
Vivo,Vivo X100,12,256,539,0.85,1,70000,25500
Samsung,Galaxy A15,6,128,644,0.8,1,22000,7500
Xiaomi,Redmi A3,3,64,745,0.9,1,10000,3000
Tecno,Tecno Camon 20,8,256,827,0.74,1,22000,4000
Realme,Realme C53,4,64,795,0.71,1,13000,3000
Samsung,Galaxy A15,6,128,44,0.98,0,22000,11500
Xiaomi,POCO F5,8,256,189,0.91,1,38000,21000
Xiaomi,POCO M6 Pro,6,128,1103,0.64,1,20000,2500
Realme,Realme GT Neo 5,8,256,1376,0.49,1,45000,4500
Samsung,Galaxy A25,6,128,833,0.69,1,30000,6000
Infinix,Infinix Hot 40i,4,128,496,0.88,1,12000,3500
Xiaomi,POCO M6 Pro,6,128,1361,0.52,1,20000,2000
Oppo,Oppo Find X6 Pro,12,256,96,0.91,0,95000,43500
Infinix,Infinix GT 10 Pro,8,256,163,0.95,1,25000,11500
Samsung,Galaxy S23 Ultra,12,256,792,0.8,1,155000,49500
Apple,iPhone 15,6,128,633,0.81,1,135000,62000
Vivo,Vivo Y18,4,64,415,0.8,0,15000,4000
Xiaomi,Redmi Note 13 Pro+,8,256,129,0.95,0,38000,15500
Xiaomi,Redmi 12,4,128,911,0.65,1,15000,2500
Xiaomi,POCO F5,8,256,501,0.84,0,38000,10000
Tecno,Tecno Camon 20,8,256,50,1.0,1,22000,11000
Samsung,Galaxy S24,8,256,1454,0.52,1,105000,11500
Apple,iPhone 15,6,128,884,0.67,0,135000,23500
Apple,iPhone 15 Pro Max,8,512,154,0.95,1,210000,150000
Realme,Realme C67,6,128,1393,0.52,0,16000,2000
Xiaomi,POCO X6,8,256,777,0.81,1,28000,7500
Infinix,Infinix Hot 40i,4,128,1389,0.53,1,12000,2000
Realme,Realme C53,4,64,1265,0.59,1,13000,2000
Samsung,Galaxy A14,4,64,1450,0.62,1,18000,2000
Tecno,Tecno Camon 20,8,256,665,0.75,1,22000,4500
OnePlus,OnePlus 12R,8,256,190,0.9,1,48000,27000
Apple,iPhone 15 Pro Max,8,512,521,0.78,1,210000,92500
Apple,iPhone 14 Pro,6,256,916,0.67,1,145000,31500
Vivo,Vivo Y18,4,64,197,0.85,1,15000,7000
Oppo,Oppo Find X6 Pro,12,256,394,0.81,0,95000,29500
Apple,iPhone 14,6,128,1439,0.47,1,115000,15500
Xiaomi,Redmi 12,4,128,244,1.0,1,15000,7500
Xiaomi,POCO F5,8,256,1375,0.57,0,38000,3000
Realme,Realme 12 Pro,8,256,255,0.85,1,32000,13000
Samsung,Galaxy A15,6,128,316,0.87,1,22000,11000
Oppo,Oppo Reno 11 Pro,12,256,1030,0.67,0,48000,5000
Xiaomi,POCO F5,8,256,1111,0.6,0,38000,3500
Oppo,Oppo A78,8,128,296,1.0,1,25000,12000
Xiaomi,Redmi Note 13 Pro+,8,256,1424,0.49,1,38000,3500
Tecno,Tecno Spark 20,4,128,799,0.68,1,14000,2000
Apple,iPhone 12,4,64,624,0.71,0,72000,21500
Apple,iPhone 15 Pro Max,8,512,1356,0.5,1,210000,31500
Apple,iPhone 15 Pro Max,8,512,952,0.67,1,210000,42000
Apple,iPhone 12,4,64,818,0.74,0,72000,17000
Nokia,Nokia G22,4,64,1182,0.62,1,16000,2000
Samsung,Galaxy A54,8,128,235,0.83,1,48000,24500
Vivo,Vivo V30e,8,256,527,0.87,1,35000,11500
Vivo,Vivo V30,8,256,587,0.75,1,42000,12500
Xiaomi,POCO X6,8,256,1016,0.75,0,28000,4000
Oppo,Oppo A18,4,64,817,0.82,1,14000,4000
OnePlus,OnePlus Nord CE 4,8,256,842,0.73,1,30000,7000
Samsung,Galaxy F15,4,128,1110,0.58,1,15000,2500
OnePlus,OnePlus Nord 3,8,128,1380,0.6,1,38000,4000
Realme,Realme Narzo 60,6,128,1096,0.68,1,22000,2500
Tecno,Tecno Camon 20,8,256,1441,0.5,0,22000,2000
Vivo,Vivo X100,12,256,1180,0.58,0,70000,6000
Tecno,Tecno Pova 5,8,128,1091,0.61,1,18000,2000
Samsung,Galaxy M34,6,128,281,0.97,1,28000,15500
Realme,Realme C67,6,128,1028,0.67,1,16000,2500
Oppo,Oppo Reno 11 Pro,12,256,753,0.65,1,48000,8500
Tecno,Tecno Camon 20,8,256,1185,0.68,1,22000,2500
Apple,iPhone 13,4,128,645,0.76,1,95000,34000
OnePlus,OnePlus 12R,8,256,1115,0.65,0,48000,5000
Apple,iPhone 15 Pro Max,8,512,565,0.81,1,210000,93500
Samsung,Galaxy M14,4,64,156,0.9,0,16000,7500
Samsung,Galaxy S24,8,256,1102,0.6,0,105000,12500
Tecno,Tecno Camon 20,8,256,930,0.69,1,22000,3000
Samsung,Galaxy A14,4,64,1085,0.69,1,18000,3000
Samsung,Galaxy S24,8,256,1320,0.47,1,105000,13000
Samsung,Galaxy A25,6,128,1038,0.66,1,30000,5000
Vivo,Vivo X100,12,256,664,0.7,1,70000,17500
Samsung,Galaxy A14,4,64,473,0.87,1,18000,7000
Apple,iPhone 15 Pro,8,256,604,0.8,0,170000,56000
Apple,iPhone 15,6,128,1260,0.62,1,135000,22000
Infinix,Infinix GT 10 Pro,8,256,230,0.96,1,25000,10500
Nokia,Nokia G22,4,64,72,0.94,1,16000,8500
Samsung,Galaxy S24 Ultra,12,512,1218,0.58,1,175000,24000
Huawei,Huawei Nova Y90,6,128,83,0.97,1,25000,13500
Samsung,Galaxy A34,6,128,1470,0.45,0,38000,3000
Xiaomi,Redmi Note 13 Pro+,8,256,114,1.0,0,38000,17500
Tecno,Tecno Camon 20,8,256,1273,0.65,1,22000,2000
Oppo,Oppo A18,4,64,326,0.96,1,14000,7000
Realme,Realme Narzo 60,6,128,689,0.7,1,22000,5000
Samsung,Galaxy A15,6,128,428,0.9,1,22000,10500
Infinix,Infinix Note 30,8,128,778,0.69,1,20000,2500
Xiaomi,Redmi Note 13,6,128,1329,0.47,1,22000,2000
Samsung,Galaxy M34,6,128,1162,0.56,1,28000,4000
Oppo,Oppo Find X6 Pro,12,256,1182,0.6,0,95000,8000
Realme,Realme C67,6,128,394,0.85,0,16000,4500
Oppo,Oppo Find X6 Pro,12,256,1058,0.64,1,95000,12500
Tecno,Tecno Camon 20,8,256,708,0.78,1,22000,4500
Samsung,Galaxy S24,8,256,205,0.94,0,105000,45000
Xiaomi,Redmi A3,3,64,933,0.71,1,10000,2000
Infinix,Infinix Note 30,8,128,635,0.75,0,20000,3000
Xiaomi,Redmi Note 13,6,128,914,0.68,1,22000,3500
Oppo,Oppo A38,4,128,726,0.82,1,17000,5000
Realme,Realme C67,6,128,896,0.69,1,16000,2500
Realme,Realme GT Neo 5,8,256,494,0.82,1,45000,15500
Realme,Realme C53,4,64,808,0.86,1,13000,3500
Apple,iPhone 15 Pro Max,8,512,1112,0.64,1,210000,38000
Tecno,Tecno Spark 20,4,128,1108,0.6,1,14000,2000
Oppo,Oppo Reno 11 Pro,12,256,1260,0.62,0,48000,4000
Nokia,Nokia G42,6,128,144,0.98,1,22000,10000
Apple,iPhone 13,4,128,491,0.75,0,95000,32000
Samsung,Galaxy A14,4,64,1068,0.72,0,18000,2500
Xiaomi,Redmi Note 13 Pro+,8,256,913,0.62,1,38000,6500
Xiaomi,Redmi 12,4,128,142,0.98,0,15000,6000
Apple,iPhone 15,6,128,1040,0.58,1,135000,27000
Vivo,Vivo Y28,4,128,520,0.87,1,18000,6500
Oppo,Oppo A18,4,64,270,0.88,1,14000,7000
Apple,iPhone 12,4,64,1438,0.48,1,72000,10500
OnePlus,OnePlus Nord CE 4,8,256,238,0.99,0,30000,11500
Vivo,Vivo Y28,4,128,1258,0.6,1,18000,2000
Tecno,Tecno Spark 20,4,128,251,0.87,1,14000,5000
Huawei,Huawei Nova Y90,6,128,959,0.72,1,25000,4500
Infinix,Infinix GT 10 Pro,8,256,892,0.59,1,25000,3000
Samsung,Galaxy A55,8,256,1265,0.6,0,52000,5000
Vivo,Vivo Y100,8,128,1015,0.66,1,28000,4000
Samsung,Galaxy A34,6,128,1123,0.66,1,38000,6000
Xiaomi,Xiaomi 14,12,256,739,0.77,1,85000,21000
Nokia,Nokia G42,6,128,663,0.74,0,22000,4000
Vivo,Vivo Y28,4,128,530,0.78,1,18000,5500
Vivo,Vivo Y100,8,128,954,0.65,1,28000,4000
Xiaomi,POCO F5,8,256,311,0.89,1,38000,16500
Tecno,Tecno Camon 20,8,256,647,0.71,1,22000,4500
Vivo,Vivo V30e,8,256,438,0.81,1,35000,14000
OnePlus,OnePlus Nord CE 3 Lite,8,128,1210,0.66,1,25000,3500
OnePlus,OnePlus Nord CE 4,8,256,1357,0.45,1,30000,3500
Infinix,Infinix Hot 40i,4,128,707,0.8,0,12000,2000
Apple,iPhone SE (3rd Gen),4,64,676,0.74,0,65000,19000
OnePlus,OnePlus Nord CE 4,8,256,187,0.95,0,30000,13500
Infinix,Infinix Hot 40i,4,128,1132,0.61,1,12000,2000
Samsung,Galaxy S24,8,256,777,0.72,1,105000,30000
Nokia,Nokia G22,4,64,713,0.68,1,16000,3000
Vivo,Vivo Y100,8,128,985,0.64,1,28000,4000
Xiaomi,Redmi A3,3,64,1389,0.58,1,10000,2000
Samsung,Galaxy A25,6,128,1431,0.48,1,30000,3500
Apple,iPhone 14 Pro,6,256,1078,0.67,1,145000,28500
Nokia,Nokia G22,4,64,608,0.81,0,16000,3000
Samsung,Galaxy S23,8,256,944,0.67,1,95000,16500
Samsung,Galaxy A14,4,64,416,0.89,1,18000,8000
OnePlus,OnePlus Nord 3,8,128,1346,0.63,1,38000,4500
Xiaomi,Redmi Note 13 Pro+,8,256,800,0.86,1,38000,10000
OnePlus,OnePlus 11,12,256,897,0.69,1,65000,12500
Xiaomi,Redmi A3,3,64,1303,0.6,1,10000,2000
Vivo,Vivo X100,12,256,1084,0.68,1,70000,9000
Infinix,Infinix GT 10 Pro,8,256,1169,0.61,1,25000,2500
Samsung,Galaxy F15,4,128,1496,0.45,1,15000,2000
Realme,Realme 12 Pro+,8,256,758,0.84,0,38000,7000
Samsung,Galaxy S23 Ultra,12,256,567,0.76,1,155000,46500
Samsung,Galaxy Z Flip5,8,256,473,0.85,1,125000,51500
Vivo,Vivo X100,12,256,647,0.7,0,70000,13500
Apple,iPhone 14 Pro,6,256,1471,0.51,1,145000,18000
Realme,Realme C67,6,128,508,0.86,1,16000,5500
Oppo,Oppo Find X6 Pro,12,256,346,0.9,1,95000,41500
Nokia,Nokia G22,4,64,384,0.92,1,16000,6500
Samsung,Galaxy M14,4,64,32,1.0,1,16000,11500
Realme,Realme 12 Pro,8,256,1182,0.65,0,32000,3000
Oppo,Oppo A38,4,128,895,0.68,1,17000,2500
Samsung,Galaxy M34,6,128,856,0.79,1,28000,7500
OnePlus,OnePlus Nord CE 4,8,256,1175,0.6,1,30000,4000
Tecno,Tecno Camon 20,8,256,1440,0.49,1,22000,2000
Samsung,Galaxy A25,6,128,871,0.67,1,30000,5500
Apple,iPhone 15 Pro,8,256,489,0.83,0,170000,63500
Samsung,Galaxy S23 Ultra,12,256,1172,0.57,1,155000,20500
Infinix,Infinix Note 30,8,128,474,0.83,1,20000,5500
Vivo,Vivo V30e,8,256,456,0.8,1,35000,12000
Samsung,Galaxy S23 Ultra,12,256,777,0.68,1,155000,31500
Xiaomi,Xiaomi 14,12,256,840,0.67,1,85000,14000
Xiaomi,Redmi Note 13 Pro,8,128,504,0.72,0,30000,7000
Oppo,Oppo A38,4,128,520,0.84,1,17000,6500
Oppo,Oppo A38,4,128,101,0.91,0,17000,7000
OnePlus,OnePlus 11,12,256,917,0.69,1,65000,12000
Samsung,Galaxy S23,8,256,43,1.0,0,95000,46000
Samsung,Galaxy A25,6,128,1068,0.7,1,30000,6000
Xiaomi,Redmi Note 13 Pro,8,128,897,0.61,1,30000,5000
Samsung,Galaxy A14,4,64,813,0.76,1,18000,5000
Infinix,Infinix GT 10 Pro,8,256,1287,0.58,1,25000,2000
Tecno,Tecno Spark 20,4,128,1453,0.61,1,14000,2000
Apple,iPhone 13,4,128,1225,0.64,1,95000,15500
Apple,iPhone 15 Pro Max,8,512,465,0.88,1,210000,105500
Apple,iPhone SE (3rd Gen),4,64,144,0.97,1,65000,46000
Xiaomi,Redmi Note 12,6,128,1062,0.59,1,19000,3000
Xiaomi,POCO X6,8,256,1115,0.7,1,28000,5000
Huawei,Huawei Nova 11i,8,128,377,0.89,1,28000,10500
Samsung,Galaxy A54,8,128,284,0.91,1,48000,24000
Infinix,Infinix GT 10 Pro,8,256,1388,0.63,1,25000,2000
Vivo,Vivo Y28,4,128,216,0.94,1,18000,9000
Nokia,Nokia C32,3,64,273,0.9,1,12000,4500
Vivo,Vivo X100,12,256,904,0.73,1,70000,15000
OnePlus,OnePlus 12R,8,256,308,0.95,1,48000,24000
Nokia,Nokia G42,6,128,1314,0.57,1,22000,2000
Realme,Realme GT Neo 5,8,256,802,0.76,1,45000,10000
Apple,iPhone 14 Pro,6,256,863,0.71,1,145000,43000
Infinix,Infinix Note 30,8,128,1388,0.53,1,20000,2000
Xiaomi,Redmi 12,4,128,794,0.71,0,15000,3000
Samsung,Galaxy S23,8,256,996,0.68,1,95000,15000
Xiaomi,Redmi 12,4,128,1443,0.5,1,15000,2000
Samsung,Galaxy Z Flip5,8,256,1475,0.46,0,125000,10000
Nokia,Nokia C32,3,64,1108,0.64,1,12000,2000
Vivo,Vivo Y18,4,64,160,0.81,1,15000,7500
Tecno,Tecno Pova 5,8,128,867,0.66,1,18000,2500
Huawei,Huawei Nova Y90,6,128,1295,0.56,1,25000,2500
Vivo,Vivo V30,8,256,1123,0.61,1,42000,5000
Infinix,Infinix Note 30,8,128,1213,0.6,1,20000,2000
Realme,Realme Narzo 60,6,128,499,0.99,1,22000,8000
Realme,Realme 12 Pro,8,256,44,0.97,1,32000,18500
Samsung,Galaxy A54,8,128,319,0.9,1,48000,24000
Vivo,Vivo Y28,4,128,518,0.85,1,18000,6000
Samsung,Galaxy A15,6,128,1433,0.48,1,22000,2500
Samsung,Galaxy S23,8,256,888,0.67,0,95000,12500
Infinix,Infinix Note 30,8,128,303,0.88,1,20000,6500
Oppo,Oppo A18,4,64,218,0.88,1,14000,7000
Xiaomi,Redmi Note 13 Pro+,8,256,989,0.58,0,38000,4000
Samsung,Galaxy S23 Ultra,12,256,229,0.92,1,155000,95000
Apple,iPhone 15,6,128,1355,0.6,1,135000,21000
Infinix,Infinix Note 30,8,128,895,0.72,1,20000,3000
Xiaomi,Redmi Note 13 Pro,8,128,842,0.6,0,30000,4000
Nokia,Nokia G42,6,128,621,0.78,1,22000,5000
Vivo,Vivo X100,12,256,265,0.97,1,70000,35000
Realme,Realme 12 Pro,8,256,1117,0.56,1,32000,4000
Samsung,Galaxy S23 Ultra,12,256,1147,0.62,1,155000,24000
Xiaomi,Redmi Note 13,6,128,630,0.78,1,22000,5500
Vivo,Vivo Y28,4,128,418,0.81,1,18000,7000
Samsung,Galaxy F15,4,128,120,0.93,1,15000,10000
Samsung,Galaxy S24 Ultra,12,512,1281,0.65,1,175000,21000
Oppo,Oppo Find X6 Pro,12,256,519,0.81,1,95000,36000
Samsung,Galaxy A55,8,256,1335,0.53,1,52000,6000
Oppo,Oppo Reno 11 Pro,12,256,693,0.79,1,48000,12000
Xiaomi,Redmi 12,4,128,223,0.93,1,15000,8000
Tecno,Tecno Pova 5,8,128,1256,0.6,0,18000,2000
Infinix,Infinix Hot 40i,4,128,335,0.89,0,12000,3000
Samsung,Galaxy A25,6,128,260,0.96,0,30000,13000
Samsung,Galaxy A54,8,128,713,0.78,1,48000,13000
Oppo,Oppo Find X6 Pro,12,256,1264,0.6,0,95000,8500
Vivo,Vivo Y18,4,64,719,0.79,0,15000,2500
Tecno,Tecno Spark 20,4,128,851,0.79,1,14000,2500
OnePlus,OnePlus Nord CE 4,8,256,945,0.69,1,30000,5000
Apple,iPhone 15 Pro,8,256,339,0.84,0,170000,76000
Apple,iPhone 14 Pro,6,256,33,0.92,1,145000,115000
Xiaomi,POCO M6 Pro,6,128,614,0.8,1,20000,6500
Apple,iPhone 15 Pro,8,256,959,0.7,1,170000,45000
Tecno,Tecno Spark 20,4,128,638,0.85,1,14000,3500
OnePlus,OnePlus Nord CE 4,8,256,911,0.72,1,30000,6500
Tecno,Tecno Pova 5,8,128,847,0.76,1,18000,3500
Realme,Realme 12 Pro,8,256,89,0.9,1,32000,18500
Huawei,Huawei Nova 11i,8,128,438,0.84,0,28000,7500
Samsung,Galaxy M34,6,128,474,0.92,1,28000,13500
Xiaomi,Redmi 12,4,128,609,0.82,1,15000,5000
Realme,Realme 12 Pro+,8,256,778,0.75,1,38000,8500
Vivo,Vivo V30e,8,256,621,0.78,1,35000,9000
Xiaomi,Redmi 13C,4,128,214,0.95,1,13000,7000
OnePlus,OnePlus 12R,8,256,1107,0.65,1,48000,7000
Apple,iPhone 15 Pro Max,8,512,320,0.87,0,210000,90000
Nokia,Nokia G22,4,64,1372,0.55,1,16000,2000
Apple,iPhone 15,6,128,233,0.95,1,135000,101500
OnePlus,OnePlus 12R,8,256,1120,0.66,1,48000,7000
Apple,iPhone 15,6,128,1430,0.45,1,135000,18500
Xiaomi,Redmi 13C,4,128,124,1.0,1,13000,7500
Vivo,Vivo V30,8,256,1037,0.68,1,42000,6000
Vivo,Vivo Y100,8,128,1444,0.5,1,28000,3000
Nokia,Nokia G42,6,128,1285,0.53,0,22000,2000
Realme,Realme C53,4,64,680,0.74,1,13000,3000
Vivo,Vivo Y100,8,128,1371,0.58,1,28000,3000
Nokia,Nokia G42,6,128,60,0.97,1,22000,12000
Samsung,Galaxy S23 Ultra,12,256,736,0.69,1,155000,34000
Xiaomi,Redmi Note 13 Pro+,8,256,961,0.69,1,38000,6000
Xiaomi,Redmi 12,4,128,632,0.86,1,15000,5000
Apple,iPhone SE (3rd Gen),4,64,869,0.71,1,65000,19000
Vivo,Vivo X100,12,256,1202,0.68,1,70000,8500
Samsung,Galaxy S24 Ultra,12,512,919,0.69,1,175000,34000
Xiaomi,POCO M6 Pro,6,128,313,0.91,1,20000,10000
Vivo,Vivo V30e,8,256,1320,0.64,0,35000,3000
Tecno,Tecno Camon 20,8,256,232,0.95,1,22000,9500
Xiaomi,Redmi A3,3,64,358,0.81,1,10000,4500
Realme,Realme 12 Pro,8,256,289,0.89,1,32000,13500
Realme,Realme C53,4,64,463,0.86,1,13000,5000
Samsung,Galaxy A15,6,128,1499,0.5,1,22000,2500
Samsung,Galaxy S23,8,256,203,1.0,0,95000,42000
Samsung,Galaxy F15,4,128,654,0.81,1,15000,5000
OnePlus,OnePlus 12R,8,256,505,0.77,1,48000,17000
Tecno,Tecno Camon 20,8,256,642,0.83,1,22000,6000
Apple,iPhone 14,6,128,276,0.9,1,115000,73000
Realme,Realme C67,6,128,1322,0.62,1,16000,2000
Samsung,Galaxy M14,4,64,442,0.88,1,16000,6500
Samsung,Galaxy A55,8,256,671,0.77,1,52000,15500
Samsung,Galaxy A25,6,128,1127,0.62,0,30000,3000
Samsung,Galaxy A54,8,128,1295,0.53,1,48000,6500
Oppo,Oppo Find X6 Pro,12,256,93,0.96,1,95000,57000
Realme,Realme 12 Pro,8,256,408,0.87,1,32000,12500
Oppo,Oppo Reno 11,8,256,1080,0.53,1,38000,5000
Realme,Realme Narzo 60,6,128,336,0.89,0,22000,6000
Samsung,Galaxy S24,8,256,525,0.88,1,105000,44000
Samsung,Galaxy A54,8,128,615,0.85,0,48000,13500
Samsung,Galaxy S24 Ultra,12,512,293,0.91,1,175000,101000
Tecno,Tecno Pova 5,8,128,1464,0.45,1,18000,2000
Samsung,Galaxy Z Flip5,8,256,725,0.75,1,125000,36500
Samsung,Galaxy A14,4,64,862,0.67,1,18000,3500
Apple,iPhone 12,4,64,712,0.75,1,72000,25500
Vivo,Vivo Y18,4,64,744,0.75,1,15000,3500
Vivo,Vivo V30e,8,256,182,0.9,0,35000,13500
Apple,iPhone 14 Pro,6,256,427,0.88,1,145000,78500
Xiaomi,POCO F5,8,256,969,0.71,1,38000,7000
Samsung,Galaxy A14,4,64,342,0.87,1,18000,8000
OnePlus,OnePlus Nord CE 3 Lite,8,128,1264,0.66,0,25000,2500
Nokia,Nokia G42,6,128,1405,0.58,1,22000,2000
Xiaomi,Redmi Note 13,6,128,711,0.72,1,22000,5500
Huawei,Huawei Nova 11i,8,128,175,0.88,1,28000,12000
Vivo,Vivo V30e,8,256,144,0.92,1,35000,18500
Xiaomi,Redmi Note 12,6,128,560,0.77,1,19000,5500
Xiaomi,Redmi 12,4,128,1396,0.52,1,15000,2000
Samsung,Galaxy A25,6,128,1396,0.45,1,30000,3000
Samsung,Galaxy S23 Ultra,12,256,705,0.71,1,155000,47000
Infinix,Infinix Hot 40i,4,128,1138,0.69,1,12000,2000
Oppo,Oppo Reno 11 Pro,12,256,680,0.8,1,48000,14000
Oppo,Oppo A18,4,64,1424,0.56,0,14000,2000
Apple,iPhone 15 Pro Max,8,512,1207,0.54,0,210000,26000
Xiaomi,POCO M6 Pro,6,128,1457,0.53,0,20000,2000
Vivo,Vivo Y100,8,128,721,0.79,1,28000,6500
Infinix,Infinix Note 30,8,128,181,1.0,1,20000,8000
Realme,Realme 12 Pro+,8,256,1010,0.72,1,38000,7000
Vivo,Vivo Y18,4,64,1392,0.45,1,15000,2000
Vivo,Vivo Y28,4,128,428,0.94,1,18000,7500
Xiaomi,POCO M6 Pro,6,128,998,0.64,1,20000,3000
Xiaomi,POCO F5,8,256,133,1.0,1,38000,20500
Oppo,Oppo Reno 11,8,256,1092,0.65,0,38000,4000
Xiaomi,Redmi Note 13,6,128,1144,0.62,1,22000,3000
Infinix,Infinix Note 30,8,128,1393,0.57,1,20000,2000
OnePlus,OnePlus 12R,8,256,995,0.65,0,48000,6000
Tecno,Tecno Spark 20,4,128,881,0.71,1,14000,2500
Samsung,Galaxy A25,6,128,1372,0.54,1,30000,3500
Samsung,Galaxy M14,4,64,1282,0.48,1,16000,2000
Oppo,Oppo A18,4,64,864,0.65,1,14000,2500
Infinix,Infinix GT 10 Pro,8,256,578,0.85,1,25000,6000
Xiaomi,Redmi A3,3,64,669,0.67,1,10000,2000
Xiaomi,Redmi Note 13 Pro+,8,256,1449,0.45,1,38000,3500
Nokia,Nokia G22,4,64,1398,0.54,1,16000,2000
Samsung,Galaxy S23 Ultra,12,256,178,0.97,1,155000,95000
Oppo,Oppo A38,4,128,967,0.63,0,17000,2000
Tecno,Tecno Camon 20,8,256,573,0.79,1,22000,5500
Samsung,Galaxy S24,8,256,355,0.9,0,105000,39000
Apple,iPhone 13,4,128,1315,0.56,0,95000,10500
Oppo,Oppo Reno 11 Pro,12,256,667,0.74,1,48000,13000
Samsung,Galaxy S23 Ultra,12,256,583,0.73,1,155000,49500
Samsung,Galaxy A25,6,128,1442,0.45,1,30000,3000
Realme,Realme 12 Pro,8,256,307,0.81,1,32000,14000
Samsung,Galaxy S23,8,256,322,0.91,1,95000,54000
Xiaomi,Redmi Note 13 Pro+,8,256,148,0.98,0,38000,16500
Nokia,Nokia C32,3,64,558,0.84,1,12000,3500
Samsung,Galaxy Z Flip5,8,256,815,0.68,1,125000,23000
Infinix,Infinix Hot 40i,4,128,329,0.94,1,12000,4500
Vivo,Vivo Y28,4,128,96,1.0,1,18000,9500
Apple,iPhone 12,4,64,445,0.95,1,72000,39000
Apple,iPhone 13,4,128,816,0.71,0,95000,22000
Realme,Realme C67,6,128,1195,0.65,1,16000,2000
Xiaomi,POCO M6 Pro,6,128,486,0.82,1,20000,8000
Xiaomi,POCO M6 Pro,6,128,323,0.96,1,20000,10000
Oppo,Oppo Find X6 Pro,12,256,1250,0.63,1,95000,11500
Nokia,Nokia G42,6,128,950,0.71,1,22000,4000
Vivo,Vivo Y28,4,128,828,0.74,1,18000,4000
Infinix,Infinix Note 30,8,128,1153,0.61,1,20000,2000
Xiaomi,POCO M6 Pro,6,128,561,0.82,1,20000,6500
Samsung,Galaxy S23,8,256,865,0.67,1,95000,19000
Apple,iPhone 12,4,64,929,0.67,1,72000,15000
Samsung,Galaxy M14,4,64,445,0.88,0,16000,5000
OnePlus,OnePlus 12R,8,256,1406,0.47,1,48000,5000
Xiaomi,Redmi Note 13 Pro+,8,256,552,0.79,1,38000,11000
Samsung,Galaxy M14,4,64,865,0.73,1,16000,4000
Oppo,Oppo Find X6 Pro,12,256,1200,0.58,1,95000,11500
OnePlus,OnePlus Nord CE 4,8,256,1300,0.64,1,30000,3500
Xiaomi,Redmi Note 12,6,128,723,0.81,1,19000,6000
Nokia,Nokia G42,6,128,586,0.8,1,22000,6000
Oppo,Oppo Find X6 Pro,12,256,936,0.7,1,95000,19500
Samsung,Galaxy M34,6,128,669,0.83,1,28000,9000
Apple,iPhone 13,4,128,1081,0.6,0,95000,12500
Realme,Realme 12 Pro+,8,256,761,0.76,1,38000,8500
Oppo,Oppo Reno 11,8,256,437,0.79,0,38000,9000
Tecno,Tecno Spark 20,4,128,649,0.8,1,14000,3500
Realme,Realme 12 Pro+,8,256,1087,0.66,1,38000,5000
Samsung,Galaxy A15,6,128,719,0.75,1,22000,6000
Oppo,Oppo A38,4,128,1207,0.6,0,17000,2000
Huawei,Huawei Nova Y90,6,128,659,0.78,1,25000,6000
Nokia,Nokia G22,4,64,473,0.86,1,16000,5500
Tecno,Tecno Camon 20,8,256,1442,0.48,1,22000,2000
Vivo,Vivo V30e,8,256,572,0.75,1,35000,9500
Oppo,Oppo Find X6 Pro,12,256,346,0.8,1,95000,37500
Samsung,Galaxy S24,8,256,579,0.7,1,105000,36000
Apple,iPhone 13,4,128,430,0.96,1,95000,52500
Infinix,Infinix Hot 40i,4,128,445,0.88,1,12000,3500
Samsung,Galaxy F15,4,128,1327,0.58,1,15000,2000
OnePlus,OnePlus 11,12,256,1134,0.56,1,65000,8500
Vivo,Vivo Y28,4,128,431,0.83,1,18000,7000
Samsung,Galaxy S24,8,256,1249,0.57,1,105000,13500
Xiaomi,Redmi Note 13 Pro+,8,256,1179,0.55,1,38000,4500
Apple,iPhone SE (3rd Gen),4,64,675,0.75,0,65000,17000
Samsung,Galaxy F15,4,128,289,0.89,1,15000,7000
Vivo,Vivo Y28,4,128,1367,0.65,1,18000,2000
Xiaomi,Redmi 12,4,128,222,0.95,1,15000,7500
Xiaomi,POCO X6,8,256,1354,0.57,1,28000,3000
Xiaomi,Redmi 12,4,128,761,0.73,1,15000,4000
Nokia,Nokia G22,4,64,723,0.75,1,16000,3500
Oppo,Oppo Reno 11,8,256,1193,0.66,1,38000,4000
Samsung,Galaxy A55,8,256,883,0.74,1,52000,12500
Vivo,Vivo X100,12,256,865,0.76,1,70000,14000
Apple,iPhone 12,4,64,1078,0.68,1,72000,14500
Apple,iPhone 15,6,128,1492,0.59,1,135000,16500
Huawei,Huawei Nova 11i,8,128,218,0.92,1,28000,13500
Realme,Realme Narzo 60,6,128,1410,0.45,0,22000,2000
Realme,Realme C53,4,64,346,0.81,1,13000,5000
Realme,Realme Narzo 60,6,128,1425,0.51,1,22000,2000
Apple,iPhone 12,4,64,1016,0.7,1,72000,19500
Infinix,Infinix Note 30,8,128,419,0.84,1,20000,6500
Samsung,Galaxy S24 Ultra,12,512,1498,0.46,0,175000,14000
Xiaomi,Redmi Note 12,6,128,1447,0.53,1,19000,2000
Vivo,Vivo V30,8,256,1058,0.64,1,42000,6000
Realme,Realme 12 Pro,8,256,586,0.73,0,32000,6000
Xiaomi,Redmi Note 13,6,128,870,0.6,1,22000,3500
Xiaomi,Redmi Note 13,6,128,335,0.88,1,22000,9000
Apple,iPhone SE (3rd Gen),4,64,236,0.84,1,65000,41000
Xiaomi,Redmi Note 13 Pro+,8,256,307,0.85,1,38000,17000
Vivo,Vivo Y100,8,128,1119,0.62,0,28000,3000
Samsung,Galaxy S24 Ultra,12,512,1474,0.54,1,175000,19500
Vivo,Vivo Y100,8,128,135,0.9,1,28000,16000
Infinix,Infinix Hot 40i,4,128,173,1.0,1,12000,5000
Samsung,Galaxy Z Flip5,8,256,623,0.82,1,125000,47500
Xiaomi,Redmi Note 13,6,128,1364,0.53,1,22000,2000
Xiaomi,Redmi A3,3,64,204,0.94,1,10000,5500
Oppo,Oppo Reno 11,8,256,621,0.94,1,38000,13000
Nokia,Nokia G42,6,128,406,0.9,1,22000,8500
Vivo,Vivo V30,8,256,1180,0.67,1,42000,5500
Tecno,Tecno Spark 20,4,128,394,0.95,0,14000,3500
Nokia,Nokia G22,4,64,1305,0.51,1,16000,2000
Realme,Realme Narzo 60,6,128,915,0.71,1,22000,4500
Samsung,Galaxy S23 Ultra,12,256,1100,0.69,1,155000,23500
Nokia,Nokia C32,3,64,1477,0.54,1,12000,2000
Realme,Realme Narzo 60,6,128,453,0.88,0,22000,6000
Xiaomi,Redmi Note 13 Pro+,8,256,1018,0.72,1,38000,7000
Apple,iPhone 12,4,64,1186,0.58,1,72000,12500
Xiaomi,Redmi Note 13 Pro+,8,256,455,0.84,1,38000,14000
Xiaomi,Xiaomi 14,12,256,1198,0.52,1,85000,11000
Apple,iPhone 13,4,128,260,0.86,0,95000,46000
OnePlus,OnePlus Nord CE 4,8,256,726,0.82,1,30000,9500
Samsung,Galaxy S23,8,256,934,0.71,0,95000,17000
Realme,Realme 12 Pro+,8,256,592,0.73,1,38000,10000
Huawei,Huawei Nova 11i,8,128,396,0.79,1,28000,9000
Xiaomi,POCO X6,8,256,997,0.64,0,28000,3000
Samsung,Galaxy A15,6,128,1379,0.52,1,22000,2500
Oppo,Oppo A38,4,128,111,1.0,0,17000,6500
Nokia,Nokia G22,4,64,1266,0.63,1,16000,2000
Xiaomi,Redmi 12,4,128,1132,0.62,1,15000,2000
Nokia,Nokia G22,4,64,1110,0.57,0,16000,2000
Vivo,Vivo Y100,8,128,1175,0.73,1,28000,4000
Xiaomi,Redmi Note 13 Pro,8,128,530,0.8,0,30000,8500
Vivo,Vivo Y18,4,64,1123,0.64,1,15000,2000
Oppo,Oppo A38,4,128,119,1.0,1,17000,10000
Apple,iPhone 12,4,64,1223,0.48,0,72000,8500
Realme,Realme 12 Pro,8,256,416,0.87,0,32000,9500
Apple,iPhone 12,4,64,518,0.86,1,72000,33000
Xiaomi,Redmi Note 13,6,128,305,0.87,1,22000,10500
Samsung,Galaxy A55,8,256,138,0.96,1,52000,33000
Apple,iPhone 12,4,64,154,0.95,1,72000,58000
Xiaomi,POCO X6,8,256,968,0.67,0,28000,3000
OnePlus,OnePlus 11,12,256,1065,0.58,1,65000,9500
Vivo,Vivo V30e,8,256,1200,0.61,1,35000,4000
Samsung,Galaxy M14,4,64,1205,0.54,0,16000,2000
OnePlus,OnePlus Nord CE 3 Lite,8,128,1288,0.55,0,25000,2000
Apple,iPhone 15,6,128,1136,0.59,1,135000,25500
Samsung,Galaxy S23 Ultra,12,256,463,0.82,1,155000,66500
Xiaomi,POCO M6 Pro,6,128,448,0.97,1,20000,8500
Tecno,Tecno Spark 20,4,128,228,0.87,1,14000,5500
OnePlus,OnePlus 12R,8,256,925,0.64,1,48000,8000
Vivo,Vivo V30,8,256,157,0.99,1,42000,23500
Vivo,Vivo V30,8,256,1163,0.6,1,42000,5000
Samsung,Galaxy A25,6,128,1147,0.56,1,30000,4500
Oppo,Oppo A78,8,128,1090,0.57,0,25000,2500
OnePlus,OnePlus Nord CE 3 Lite,8,128,914,0.77,1,25000,5500
Samsung,Galaxy A54,8,128,1012,0.62,1,48000,8000
Realme,Realme C53,4,64,718,0.82,1,13000,3500
Vivo,Vivo X100,12,256,656,0.7,1,70000,16500
OnePlus,OnePlus Nord CE 3 Lite,8,128,664,0.77,1,25000,6500
Apple,iPhone 13,4,128,346,0.88,1,95000,59000
Infinix,Infinix Hot 40i,4,128,276,0.91,1,12000,4500
Xiaomi,Xiaomi 14,12,256,482,0.85,1,85000,30500
Xiaomi,Redmi Note 13 Pro+,8,256,1361,0.55,1,38000,4000
Apple,iPhone 14 Pro,6,256,559,0.72,0,145000,42000
Xiaomi,Redmi Note 12,6,128,398,0.88,1,19000,8500
Realme,Realme 12 Pro,8,256,42,1.0,0,32000,14000
Apple,iPhone 13,4,128,1294,0.61,1,95000,14500
Samsung,Galaxy Z Flip5,8,256,1012,0.7,0,125000,20000
Xiaomi,Redmi Note 13 Pro+,8,256,1478,0.47,0,38000,3000
Huawei,Huawei Nova Y90,6,128,1442,0.47,1,25000,2000
Samsung,Galaxy A55,8,256,854,0.72,1,52000,12500
OnePlus,OnePlus Nord CE 3 Lite,8,128,1027,0.62,1,25000,4000
Oppo,Oppo Reno 11 Pro,12,256,217,0.97,1,48000,24500
Nokia,Nokia G42,6,128,112,0.96,1,22000,11000
Samsung,Galaxy F15,4,128,61,1.0,1,15000,10500
Samsung,Galaxy F15,4,128,1340,0.59,1,15000,2000
Tecno,Tecno Spark 20,4,128,885,0.7,1,14000,2500
Nokia,Nokia G42,6,128,792,0.77,1,22000,4500
Vivo,Vivo Y28,4,128,135,1.0,1,18000,9000
Huawei,Huawei Nova 11i,8,128,835,0.76,1,28000,5500
OnePlus,OnePlus 12,12,256,250,0.96,0,85000,36500
OnePlus,OnePlus Nord CE 4,8,256,318,0.84,1,30000,14000
Realme,Realme C67,6,128,471,0.94,1,16000,6000
Xiaomi,Redmi 12,4,128,1108,0.71,1,15000,2500
Xiaomi,Redmi 12,4,128,57,0.88,1,15000,8500
OnePlus,OnePlus Nord CE 3 Lite,8,128,958,0.61,1,25000,4500
Samsung,Galaxy A34,6,128,181,0.9,1,38000,22000
Realme,Realme GT Neo 5,8,256,292,0.87,1,45000,18500
Samsung,Galaxy M34,6,128,638,0.77,1,28000,9000
Apple,iPhone 12,4,64,670,0.81,1,72000,28500
Xiaomi,POCO X6,8,256,1389,0.49,1,28000,3000
Samsung,Galaxy A14,4,64,1081,0.67,0,18000,2000
Samsung,Galaxy Z Flip5,8,256,838,0.75,1,125000,32000
Nokia,Nokia G42,6,128,1409,0.51,1,22000,2000
Oppo,Oppo Reno 11,8,256,255,0.84,1,38000,18000
Samsung,Galaxy A55,8,256,299,0.96,0,52000,21000
Realme,Realme C53,4,64,488,0.81,1,13000,4500
Apple,iPhone 13,4,128,1455,0.45,1,95000,12500
Realme,Realme 12 Pro+,8,256,1415,0.6,1,38000,3500
Xiaomi,Redmi Note 13,6,128,995,0.61,1,22000,3000
Realme,Realme 12 Pro+,8,256,939,0.63,1,38000,5500
Xiaomi,Redmi 13C,4,128,976,0.66,0,13000,2000
OnePlus,OnePlus 12R,8,256,1021,0.62,1,48000,7500
Samsung,Galaxy A54,8,128,1139,0.64,1,48000,7000
Samsung,Galaxy A15,6,128,1273,0.59,1,22000,3000
Nokia,Nokia G42,6,128,1207,0.59,0,22000,2000
Xiaomi,Redmi 12,4,128,1331,0.53,1,15000,2000
Samsung,Galaxy S24 Ultra,12,512,305,0.92,1,175000,91000
Vivo,Vivo X100,12,256,235,0.9,1,70000,35000
Vivo,Vivo V30e,8,256,425,0.87,1,35000,13500
Xiaomi,POCO X6,8,256,579,0.85,1,28000,9000
Samsung,Galaxy S23 Ultra,12,256,694,0.8,1,155000,52000
Apple,iPhone 15,6,128,1221,0.6,0,135000,17000
Oppo,Oppo Find X6 Pro,12,256,243,0.93,1,95000,46000
Nokia,Nokia G22,4,64,649,0.72,1,16000,4000
Apple,iPhone 15 Pro,8,256,507,0.88,1,170000,88000
Huawei,Huawei Nova Y90,6,128,448,0.87,1,25000,9500
OnePlus,OnePlus Nord CE 3 Lite,8,128,1475,0.49,0,25000,2000
Infinix,Infinix Hot 40i,4,128,834,0.74,1,12000,2500
Xiaomi,Xiaomi 14,12,256,309,0.84,1,85000,40000
Oppo,Oppo Reno 11,8,256,506,0.77,1,38000,11500
Infinix,Infinix Note 30,8,128,57,0.99,1,20000,9500
Samsung,Galaxy A34,6,128,163,0.98,1,38000,23500
Tecno,Tecno Camon 20,8,256,1480,0.52,0,22000,2000
Apple,iPhone 13,4,128,1293,0.5,1,95000,15500
Xiaomi,POCO M6 Pro,6,128,1298,0.55,1,20000,2500
Xiaomi,Redmi Note 13 Pro,8,128,304,0.93,1,30000,14500
Samsung,Galaxy A25,6,128,857,0.7,1,30000,7000
Oppo,Oppo Reno 11,8,256,1021,0.68,1,38000,5500
Xiaomi,Redmi 12,4,128,476,0.81,1,15000,5500
Samsung,Galaxy S23,8,256,1283,0.61,1,95000,13000
Xiaomi,Redmi Note 13,6,128,660,0.82,1,22000,7000
Realme,Realme C53,4,64,212,1.0,1,13000,6000
Apple,iPhone 14,6,128,466,0.82,0,115000,45500
Samsung,Galaxy M14,4,64,1074,0.59,1,16000,2500
Infinix,Infinix GT 10 Pro,8,256,804,0.75,1,25000,4500
Apple,iPhone 15 Pro,8,256,291,0.95,1,170000,121000
Samsung,Galaxy A14,4,64,919,0.68,1,18000,3000
Apple,iPhone 14 Pro,6,256,383,0.86,0,145000,59000
Samsung,Galaxy A25,6,128,431,0.86,1,30000,13000
Infinix,Infinix Note 30,8,128,528,0.78,1,20000,4500
Samsung,Galaxy S23,8,256,362,0.89,1,95000,48000
Xiaomi,Redmi Note 12,6,128,1394,0.54,1,19000,2000
Oppo,Oppo Find X6 Pro,12,256,78,0.98,1,95000,58500
Oppo,Oppo A38,4,128,1346,0.6,1,17000,2000
Apple,iPhone 15,6,128,1153,0.58,1,135000,22000
Tecno,Tecno Camon 20,8,256,1491,0.52,1,22000,2000
Samsung,Galaxy S23,8,256,226,0.91,1,95000,57500
Apple,iPhone 15 Pro Max,8,512,915,0.65,1,210000,44500
Samsung,Galaxy S23,8,256,1468,0.54,1,95000,10000
Oppo,Oppo A18,4,64,419,0.89,0,14000,4500
Vivo,Vivo V30e,8,256,302,0.91,1,35000,16000
Apple,iPhone 14 Pro,6,256,511,0.83,1,145000,69000
Vivo,Vivo V30e,8,256,580,0.82,1,35000,11000
Realme,Realme GT Neo 5,8,256,861,0.74,1,45000,9000
Apple,iPhone 12,4,64,1014,0.65,0,72000,11500
Realme,Realme 12 Pro,8,256,1262,0.57,0,32000,2500
Oppo,Oppo Reno 11 Pro,12,256,363,0.94,0,48000,15500
Samsung,Galaxy M34,6,128,1396,0.68,1,28000,3500
Realme,Realme C67,6,128,412,0.82,1,16000,6500
Samsung,Galaxy A14,4,64,129,0.96,1,18000,12000
Xiaomi,Redmi 13C,4,128,587,0.75,1,13000,4000
Xiaomi,Redmi 13C,4,128,303,0.92,1,13000,6500
Realme,Realme 12 Pro,8,256,751,0.73,1,32000,7000
Apple,iPhone 13,4,128,1499,0.54,1,95000,12000
Nokia,Nokia C32,3,64,1163,0.68,0,12000,2000
Realme,Realme 12 Pro,8,256,1396,0.5,1,32000,3000
Xiaomi,POCO F5,8,256,1033,0.65,1,38000,5000
Realme,Realme C53,4,64,1350,0.56,1,13000,2000
OnePlus,OnePlus Nord 3,8,128,898,0.69,1,38000,6500
Realme,Realme 12 Pro+,8,256,993,0.58,1,38000,5500
Tecno,Tecno Pova 5,8,128,621,0.79,0,18000,3000
Tecno,Tecno Camon 20,8,256,571,0.84,1,22000,5500
Xiaomi,POCO X6,8,256,719,0.77,1,28000,7000
Samsung,Galaxy F15,4,128,319,0.89,1,15000,7000
Realme,Realme Narzo 60,6,128,389,0.85,1,22000,8500
Samsung,Galaxy A15,6,128,586,0.84,1,22000,8500
Infinix,Infinix Hot 40i,4,128,210,0.95,0,12000,3500
OnePlus,OnePlus 11,12,256,660,0.82,1,65000,22000
Infinix,Infinix GT 10 Pro,8,256,57,0.94,1,25000,11000
OnePlus,OnePlus Nord 3,8,128,1134,0.62,1,38000,5500
Apple,iPhone 13,4,128,909,0.66,1,95000,22000
Realme,Realme 12 Pro+,8,256,1268,0.53,1,38000,4000
Samsung,Galaxy A25,6,128,1072,0.76,1,30000,6000
Oppo,Oppo A78,8,128,647,0.73,0,25000,5000
Xiaomi,Redmi Note 12,6,128,484,0.79,1,19000,6500
OnePlus,OnePlus 11,12,256,1153,0.58,1,65000,9500
Xiaomi,POCO M6 Pro,6,128,272,0.84,1,20000,9000
Realme,Realme GT Neo 5,8,256,469,0.81,1,45000,14500
Apple,iPhone 13,4,128,1351,0.61,1,95000,14500
Xiaomi,POCO F5,8,256,1142,0.66,1,38000,5000
Oppo,Oppo A78,8,128,165,0.96,1,25000,13500
Xiaomi,POCO M6 Pro,6,128,909,0.73,1,20000,4000
Infinix,Infinix GT 10 Pro,8,256,606,0.79,1,25000,5500
Samsung,Galaxy M14,4,64,452,0.88,1,16000,7000
Apple,iPhone 14 Pro,6,256,934,0.71,0,145000,28500
Samsung,Galaxy A15,6,128,622,0.84,1,22000,8500
Xiaomi,Redmi 13C,4,128,517,0.92,1,13000,5000
Vivo,Vivo V30e,8,256,762,0.81,1,35000,10000
Vivo,Vivo Y18,4,64,481,0.86,1,15000,5500
Xiaomi,Redmi Note 13,6,128,1306,0.68,1,22000,2500
Realme,Realme C67,6,128,507,0.89,1,16000,5500
Tecno,Tecno Pova 5,8,128,453,0.91,1,18000,6500
Samsung,Galaxy A54,8,128,1070,0.62,0,48000,5000
Huawei,Huawei Nova 11i,8,128,112,0.92,1,28000,14500
Xiaomi,Redmi Note 13 Pro,8,128,1158,0.59,1,30000,4000
Samsung,Galaxy A15,6,128,765,0.81,1,22000,7500
Samsung,Galaxy M14,4,64,1419,0.6,1,16000,2000
Samsung,Galaxy S23 Ultra,12,256,1007,0.69,1,155000,25000
Xiaomi,Redmi 13C,4,128,120,0.95,1,13000,7500
Vivo,Vivo V30,8,256,510,0.89,1,42000,14500
Xiaomi,Redmi 13C,4,128,89,0.86,1,13000,7500
Realme,Realme 12 Pro,8,256,226,0.98,0,32000,11000
Nokia,Nokia G42,6,128,671,0.78,1,22000,4500
Xiaomi,POCO X6,8,256,1150,0.76,1,28000,5000
Samsung,Galaxy A34,6,128,186,1.0,1,38000,24000
Nokia,Nokia G42,6,128,558,0.81,1,22000,7000
Realme,Realme 12 Pro+,8,256,1457,0.49,1,38000,3000
Vivo,Vivo Y28,4,128,846,0.75,1,18000,4000
Apple,iPhone 15 Pro,8,256,717,0.71,0,170000,42000
Oppo,Oppo Reno 11 Pro,12,256,847,0.74,0,48000,8500
Xiaomi,Xiaomi 14,12,256,822,0.68,1,85000,15000
Samsung,Galaxy Z Flip5,8,256,820,0.86,1,125000,36000
Samsung,Galaxy S23 Ultra,12,256,1465,0.47,1,155000,17500
Apple,iPhone 14 Pro,6,256,212,0.92,1,145000,97500
Apple,iPhone 15,6,128,255,0.79,0,135000,50500
Samsung,Galaxy A34,6,128,1047,0.66,1,38000,6500
Apple,iPhone 14 Pro,6,256,1341,0.48,1,145000,20500
Tecno,Tecno Spark 20,4,128,1054,0.62,1,14000,2000
Realme,Realme 12 Pro,8,256,636,0.79,1,32000,9000
Oppo,Oppo A78,8,128,265,0.83,1,25000,11000
Oppo,Oppo Find X6 Pro,12,256,1262,0.56,1,95000,10500
Nokia,Nokia G42,6,128,886,0.74,1,22000,4000
OnePlus,OnePlus Nord CE 4,8,256,308,0.86,1,30000,14500
Tecno,Tecno Pova 5,8,128,820,0.69,1,18000,2500
Samsung,Galaxy S23,8,256,1271,0.46,1,95000,12500
Xiaomi,Xiaomi 14,12,256,162,1.0,1,85000,49000
Xiaomi,Redmi Note 13 Pro,8,128,1352,0.62,0,30000,2500
Xiaomi,POCO X6,8,256,527,0.86,0,28000,8000
Nokia,Nokia G22,4,64,573,0.89,1,16000,4500
Apple,iPhone 15 Pro,8,256,240,0.98,1,170000,127500
Vivo,Vivo Y18,4,64,591,0.9,1,15000,5000
Xiaomi,Redmi Note 13 Pro,8,128,527,0.78,0,30000,7000
Vivo,Vivo Y28,4,128,1208,0.55,0,18000,2000
Samsung,Galaxy Z Flip5,8,256,104,0.96,0,125000,61500
Huawei,Huawei Nova 11i,8,128,1487,0.55,1,28000,2500
OnePlus,OnePlus 12,12,256,762,0.73,1,85000,24000
OnePlus,OnePlus 12,12,256,761,0.72,0,85000,15500
Realme,Realme 12 Pro+,8,256,1412,0.49,1,38000,3500
Oppo,Oppo Find X6 Pro,12,256,1324,0.53,1,95000,9500
Xiaomi,Redmi 13C,4,128,172,0.88,1,13000,6000
Apple,iPhone 12,4,64,60,0.95,1,72000,57000
Xiaomi,Redmi Note 12,6,128,269,0.98,0,19000,7500
Vivo,Vivo Y18,4,64,458,0.83,0,15000,4500
Samsung,Galaxy A34,6,128,1356,0.51,1,38000,4500
Realme,Realme Narzo 60,6,128,936,0.73,1,22000,4000
Samsung,Galaxy A25,6,128,1438,0.48,1,30000,3000
Apple,iPhone 15 Pro,8,256,514,0.83,1,170000,84000
Samsung,Galaxy A14,4,64,672,0.85,0,18000,4500
Xiaomi,Redmi Note 13 Pro+,8,256,1334,0.6,1,38000,4000
Realme,Realme GT Neo 5,8,256,499,0.8,1,45000,15500
Oppo,Oppo Find X6 Pro,12,256,190,0.83,1,95000,44500
Realme,Realme C53,4,64,1048,0.68,1,13000,2000
Xiaomi,Redmi 13C,4,128,1313,0.63,1,13000,2000
Samsung,Galaxy S23 Ultra,12,256,1127,0.65,1,155000,22500
Realme,Realme GT Neo 5,8,256,730,0.85,1,45000,12500
Samsung,Galaxy A55,8,256,1493,0.52,1,52000,5500
Realme,Realme C53,4,64,729,0.79,0,13000,2500
Xiaomi,Redmi 13C,4,128,1054,0.74,0,13000,2000
Samsung,Galaxy S24,8,256,589,0.72,1,105000,31500
Apple,iPhone 13,4,128,316,0.89,1,95000,55500
Vivo,Vivo X100,12,256,330,0.95,1,70000,31000
Nokia,Nokia G22,4,64,1158,0.63,1,16000,2000
OnePlus,OnePlus Nord CE 4,8,256,1232,0.55,1,30000,3500
Vivo,Vivo Y18,4,64,628,0.83,1,15000,4500
Tecno,Tecno Pova 5,8,128,1259,0.63,1,18000,2000
Oppo,Oppo A78,8,128,76,0.96,1,25000,14000
Realme,Realme GT Neo 5,8,256,1186,0.53,1,45000,5500
Tecno,Tecno Spark 20,4,128,1234,0.49,1,14000,2000
Apple,iPhone 15,6,128,228,0.97,1,135000,101000
Realme,Realme C53,4,64,1239,0.61,1,13000,2000
Nokia,Nokia C32,3,64,545,0.88,1,12000,3500
Samsung,Galaxy M14,4,64,651,0.81,1,16000,5500
Xiaomi,Redmi Note 12,6,128,1013,0.7,1,19000,3500
Apple,iPhone 12,4,64,1335,0.56,1,72000,10500
Oppo,Oppo Reno 11 Pro,12,256,385,0.94,1,48000,22000
Vivo,Vivo Y18,4,64,321,0.94,0,15000,5000
Apple,iPhone 14 Pro,6,256,451,0.9,0,145000,66000
Xiaomi,Redmi Note 12,6,128,1102,0.65,1,19000,2500
OnePlus,OnePlus 12R,8,256,128,0.98,0,48000,23500
Vivo,Vivo Y28,4,128,1124,0.59,0,18000,2000
Tecno,Tecno Camon 20,8,256,631,0.84,1,22000,5500
Xiaomi,POCO F5,8,256,1265,0.58,0,38000,3000
Vivo,Vivo Y28,4,128,299,0.85,1,18000,8000
Realme,Realme GT Neo 5,8,256,133,0.89,1,45000,22500
Oppo,Oppo A18,4,64,863,0.7,1,14000,3000
Xiaomi,POCO F5,8,256,885,0.71,1,38000,8500
Oppo,Oppo A38,4,128,1051,0.62,1,17000,2500
Realme,Realme 12 Pro,8,256,1284,0.59,1,32000,3000
Realme,Realme 12 Pro,8,256,1181,0.69,1,32000,4000
Samsung,Galaxy M34,6,128,405,0.87,1,28000,12500
Tecno,Tecno Pova 5,8,128,118,1.0,0,18000,6500
Samsung,Galaxy F15,4,128,273,0.97,1,15000,8000
Samsung,Galaxy A25,6,128,1405,0.51,0,30000,2500
Samsung,Galaxy A15,6,128,600,0.75,1,22000,7000
OnePlus,OnePlus 11,12,256,776,0.83,0,65000,14000
Realme,Realme C53,4,64,974,0.8,1,13000,2500
Xiaomi,Redmi Note 13 Pro+,8,256,1246,0.65,1,38000,4500
Xiaomi,Xiaomi 14,12,256,769,0.72,1,85000,21000
Samsung,Galaxy A14,4,64,789,0.76,1,18000,4500
OnePlus,OnePlus 12R,8,256,633,0.77,1,48000,15000
Apple,iPhone 14,6,128,482,0.82,1,115000,62500
Huawei,Huawei Nova Y90,6,128,33,0.96,1,25000,13500
Realme,Realme C53,4,64,841,0.75,1,13000,2500
Samsung,Galaxy A34,6,128,808,0.81,1,38000,11000
Realme,Realme 12 Pro,8,256,473,0.91,0,32000,9500
Nokia,Nokia G22,4,64,560,0.78,1,16000,4000
Xiaomi,Redmi Note 13,6,128,1163,0.61,1,22000,2500
Samsung,Galaxy A25,6,128,1094,0.58,1,30000,5000
Samsung,Galaxy A55,8,256,626,0.86,1,52000,19500
Oppo,Oppo Reno 11 Pro,12,256,1021,0.67,1,48000,7500
OnePlus,OnePlus Nord CE 4,8,256,931,0.64,1,30000,5000
Realme,Realme 12 Pro+,8,256,1418,0.54,1,38000,3500
OnePlus,OnePlus 12R,8,256,1230,0.61,0,48000,5000
Xiaomi,Redmi Note 13,6,128,1334,0.6,1,22000,2500
Apple,iPhone 14 Pro,6,256,994,0.68,1,145000,28500
Oppo,Oppo Reno 11 Pro,12,256,228,0.98,1,48000,25000
Samsung,Galaxy S23 Ultra,12,256,354,0.8,1,155000,75500
Xiaomi,Redmi Note 13 Pro+,8,256,1039,0.64,1,38000,5500
Tecno,Tecno Camon 20,8,256,822,0.67,0,22000,2500
Xiaomi,Redmi Note 13 Pro,8,128,1483,0.6,1,30000,3000
Realme,Realme 12 Pro,8,256,1279,0.53,1,32000,3500
Xiaomi,Xiaomi 14,12,256,1497,0.58,1,85000,8000
Samsung,Galaxy A54,8,128,923,0.61,1,48000,8500
Realme,Realme C67,6,128,1104,0.69,0,16000,2000
Samsung,Galaxy M34,6,128,325,0.84,0,28000,9500
Vivo,Vivo X100,12,256,71,0.9,1,70000,41000
Xiaomi,POCO M6 Pro,6,128,404,0.9,1,20000,8500
OnePlus,OnePlus 12R,8,256,1028,0.71,0,48000,8000
Tecno,Tecno Pova 5,8,128,1395,0.59,1,18000,2000
Apple,iPhone 12,4,64,1224,0.51,1,72000,11500
Xiaomi,Redmi Note 13 Pro,8,128,833,0.77,1,30000,7000
Xiaomi,Redmi 12,4,128,975,0.67,1,15000,2000
Xiaomi,Redmi A3,3,64,928,0.67,1,10000,2000
Oppo,Oppo Find X6 Pro,12,256,674,0.85,1,95000,29500
Xiaomi,Redmi Note 13,6,128,1332,0.58,1,22000,2500
OnePlus,OnePlus 11,12,256,583,0.81,1,65000,25000
Vivo,Vivo V30,8,256,635,0.79,1,42000,12000
Oppo,Oppo A18,4,64,1001,0.73,1,14000,2500
Apple,iPhone 14,6,128,1470,0.5,1,115000,14500
Oppo,Oppo Reno 11 Pro,12,256,183,0.93,0,48000,19000
Samsung,Galaxy S24,8,256,987,0.63,1,105000,16500
Apple,iPhone 14 Pro,6,256,943,0.59,1,145000,30000
Samsung,Galaxy A15,6,128,1385,0.51,1,22000,2500
Samsung,Galaxy S24 Ultra,12,512,619,0.77,1,175000,51500
Samsung,Galaxy A14,4,64,316,0.94,1,18000,9500
Oppo,Oppo A18,4,64,836,0.65,1,14000,2500
Samsung,Galaxy A15,6,128,614,0.8,1,22000,7500
Huawei,Huawei Nova 11i,8,128,1472,0.61,1,28000,2500
Realme,Realme GT Neo 5,8,256,1107,0.69,1,45000,5500
Nokia,Nokia C32,3,64,945,0.71,1,12000,2000
Vivo,Vivo Y28,4,128,481,0.9,1,18000,7000
OnePlus,OnePlus 12R,8,256,983,0.73,1,48000,11000
Samsung,Galaxy A34,6,128,608,0.75,1,38000,11000
Oppo,Oppo Reno 11 Pro,12,256,814,0.77,1,48000,10000
Oppo,Oppo A18,4,64,1238,0.66,1,14000,2000
Xiaomi,Redmi A3,3,64,1072,0.73,1,10000,2000
Samsung,Galaxy A14,4,64,207,0.89,1,18000,10000
Xiaomi,Redmi 13C,4,128,1035,0.62,1,13000,2000
Xiaomi,Redmi 12,4,128,786,0.77,1,15000,3500
OnePlus,OnePlus 11,12,256,1326,0.59,1,65000,7500
Oppo,Oppo A38,4,128,1076,0.55,1,17000,2000
Samsung,Galaxy M14,4,64,1480,0.45,1,16000,2000
Apple,iPhone SE (3rd Gen),4,64,1005,0.68,1,65000,12500
Oppo,Oppo Find X6 Pro,12,256,1203,0.66,1,95000,10500
Nokia,Nokia C32,3,64,167,0.95,1,12000,6000
Apple,iPhone 15 Pro Max,8,512,791,0.7,1,210000,62000
Samsung,Galaxy M14,4,64,507,0.8,1,16000,7000
OnePlus,OnePlus Nord CE 4,8,256,1455,0.46,1,30000,3000
Realme,Realme 12 Pro+,8,256,1392,0.58,1,38000,3500
Samsung,Galaxy M14,4,64,873,0.76,1,16000,4000
Oppo,Oppo A18,4,64,402,0.92,1,14000,6000
Vivo,Vivo Y100,8,128,1234,0.62,1,28000,3500
OnePlus,OnePlus 11,12,256,929,0.58,0,65000,8000
Apple,iPhone 14,6,128,176,1.0,1,115000,82000
Samsung,Galaxy A54,8,128,761,0.71,1,48000,12500
Samsung,Galaxy Z Flip5,8,256,927,0.66,0,125000,16000
Apple,iPhone SE (3rd Gen),4,64,1373,0.56,1,65000,9000
Apple,iPhone 12,4,64,993,0.64,0,72000,10500
Infinix,Infinix Note 30,8,128,940,0.65,0,20000,2000
Xiaomi,POCO M6 Pro,6,128,1126,0.7,1,20000,3500
Apple,iPhone 15,6,128,815,0.8,1,135000,52000
Xiaomi,Redmi 13C,4,128,460,0.84,1,13000,5000
Apple,iPhone 14 Pro,6,256,806,0.77,1,145000,49000
Xiaomi,Redmi Note 13 Pro+,8,256,164,0.98,1,38000,20500
Xiaomi,Redmi Note 13 Pro,8,128,545,0.71,1,30000,9000
Samsung,Galaxy M34,6,128,491,0.84,1,28000,12000
Xiaomi,Redmi A3,3,64,36,0.99,1,10000,6500
Vivo,Vivo Y18,4,64,124,0.96,1,15000,9000
Xiaomi,Redmi Note 13 Pro,8,128,219,1.0,1,30000,14500
Xiaomi,POCO X6,8,256,300,0.9,0,28000,11000
Vivo,Vivo Y18,4,64,1019,0.68,1,15000,2000
Xiaomi,Redmi Note 13,6,128,1463,0.48,1,22000,2500
OnePlus,OnePlus Nord CE 3 Lite,8,128,1190,0.6,1,25000,3000
Apple,iPhone 12,4,64,983,0.69,1,72000,15000
Realme,Realme GT Neo 5,8,256,708,0.78,1,45000,10000
Oppo,Oppo Reno 11,8,256,426,0.93,0,38000,11500
Vivo,Vivo X100,12,256,271,1.0,0,70000,25000
Tecno,Tecno Spark 20,4,128,632,0.73,1,14000,3000
Apple,iPhone 13,4,128,495,0.9,1,95000,54500
Oppo,Oppo Find X6 Pro,12,256,1093,0.56,1,95000,12500
Huawei,Huawei Nova Y90,6,128,40,1.0,1,25000,13500
Xiaomi,Redmi Note 13 Pro+,8,256,356,1.0,1,38000,18500
OnePlus,OnePlus Nord CE 4,8,256,1234,0.64,1,30000,3500
Oppo,Oppo A18,4,64,696,0.82,1,14000,4500
Tecno,Tecno Spark 20,4,128,279,0.81,0,14000,4000
Samsung,Galaxy S24,8,256,714,0.79,1,105000,29000
Samsung,Galaxy A55,8,256,939,0.66,1,52000,10000
Xiaomi,Redmi Note 13 Pro,8,128,317,0.85,1,30000,13500
Apple,iPhone 14 Pro,6,256,117,0.9,1,145000,116500
Vivo,Vivo V30,8,256,304,0.92,1,42000,18500
Xiaomi,POCO X6,8,256,582,0.81,1,28000,9500
Oppo,Oppo A38,4,128,959,0.64,1,17000,2500
OnePlus,OnePlus 12R,8,256,1496,0.53,1,48000,4500
Apple,iPhone 15 Pro Max,8,512,516,0.9,1,210000,107000
Samsung,Galaxy F15,4,128,434,0.85,1,15000,7000
Apple,iPhone 13,4,128,1417,0.51,1,95000,12000
Huawei,Huawei Nova Y90,6,128,1047,0.71,1,25000,4500
Realme,Realme C67,6,128,1269,0.59,1,16000,2000
Apple,iPhone 15,6,128,53,1.0,1,135000,122000
Samsung,Galaxy A54,8,128,123,1.0,1,48000,32000
OnePlus,OnePlus Nord CE 3 Lite,8,128,129,1.0,1,25000,14500
Xiaomi,Xiaomi 14,12,256,31,0.9,1,85000,50500
Xiaomi,Redmi 12,4,128,611,0.74,1,15000,4000
Nokia,Nokia G42,6,128,113,0.94,1,22000,11500
Xiaomi,POCO F5,8,256,207,0.94,0,38000,15500
Samsung,Galaxy A55,8,256,913,0.67,1,52000,9000
Samsung,Galaxy S23,8,256,824,0.67,1,95000,20000
OnePlus,OnePlus Nord CE 4,8,256,1017,0.77,1,30000,6500
Infinix,Infinix Note 30,8,128,531,0.86,1,20000,5500
OnePlus,OnePlus Nord 3,8,128,36,0.99,1,38000,24500
Tecno,Tecno Camon 20,8,256,1228,0.56,1,22000,2000
Infinix,Infinix GT 10 Pro,8,256,148,1.0,1,25000,10000
Nokia,Nokia G22,4,64,876,0.68,1,16000,2000
Xiaomi,Redmi Note 13 Pro+,8,256,843,0.66,1,38000,6500
OnePlus,OnePlus Nord CE 4,8,256,407,0.89,1,30000,12500
Realme,Realme C67,6,128,1399,0.54,1,16000,2000
Tecno,Tecno Spark 20,4,128,1120,0.67,1,14000,2000
Samsung,Galaxy A55,8,256,35,0.96,1,52000,34000
Samsung,Galaxy S23 Ultra,12,256,951,0.74,1,155000,36500
Infinix,Infinix Note 30,8,128,897,0.7,0,20000,2500
Apple,iPhone 14,6,128,928,0.71,1,115000,31500
Apple,iPhone 12,4,64,433,0.9,1,72000,43000
Apple,iPhone 14 Pro,6,256,306,0.91,1,145000,98000
Oppo,Oppo A18,4,64,316,0.89,1,14000,6000
Oppo,Oppo A38,4,128,379,0.86,1,17000,6500
Oppo,Oppo Reno 11,8,256,271,0.91,1,38000,18000
Tecno,Tecno Pova 5,8,128,386,0.84,1,18000,6500
Tecno,Tecno Pova 5,8,128,857,0.69,1,18000,2500
Xiaomi,POCO X6,8,256,1326,0.6,1,28000,3000
Realme,Realme GT Neo 5,8,256,1322,0.6,1,45000,4500
Infinix,Infinix Note 30,8,128,638,0.82,1,20000,4500
Xiaomi,Redmi A3,3,64,1211,0.53,0,10000,2000
Xiaomi,POCO X6,8,256,316,0.83,1,28000,13000
Xiaomi,POCO X6,8,256,135,0.94,0,28000,11500
Xiaomi,Redmi Note 12,6,128,764,0.75,1,19000,5000
Xiaomi,Xiaomi 14,12,256,236,0.98,1,85000,45000
Realme,Realme 12 Pro+,8,256,1044,0.64,1,38000,5500
Samsung,Galaxy F15,4,128,740,0.74,1,15000,4000
Xiaomi,Xiaomi 14,12,256,963,0.71,1,85000,16500
Samsung,Galaxy S23,8,256,168,0.92,0,95000,44500
OnePlus,OnePlus Nord CE 3 Lite,8,128,230,0.87,1,25000,13000
Oppo,Oppo A18,4,64,548,0.75,1,14000,4000
Realme,Realme 12 Pro,8,256,379,0.95,1,32000,14000
Infinix,Infinix Hot 40i,4,128,760,0.66,1,12000,2000
Samsung,Galaxy A15,6,128,728,0.76,1,22000,6500
Samsung,Galaxy A55,8,256,1086,0.67,0,52000,5500
Samsung,Galaxy A54,8,128,722,0.71,1,48000,14500
Apple,iPhone 15 Pro Max,8,512,1407,0.56,1,210000,28000
Realme,Realme GT Neo 5,8,256,743,0.7,1,45000,9500
Samsung,Galaxy S23,8,256,155,0.96,1,95000,58500
Samsung,Galaxy A14,4,64,1202,0.56,1,18000,2500
Samsung,Galaxy Z Flip5,8,256,1274,0.59,1,125000,16000
Nokia,Nokia G42,6,128,881,0.76,1,22000,4000
OnePlus,OnePlus Nord 3,8,128,68,0.95,1,38000,24500
Xiaomi,Redmi 12,4,128,520,0.83,1,15000,5500
Huawei,Huawei Nova Y90,6,128,795,0.82,1,25000,6000
Apple,iPhone SE (3rd Gen),4,64,312,0.9,1,65000,43500
Apple,iPhone 12,4,64,1199,0.66,0,72000,9000
Apple,iPhone 15,6,128,1338,0.46,1,135000,18500
Samsung,Galaxy A15,6,128,513,0.73,1,22000,7500
Xiaomi,Redmi 12,4,128,1404,0.58,1,15000,2000
Nokia,Nokia G22,4,64,497,0.8,1,16000,5000
Realme,Realme 12 Pro,8,256,214,0.91,1,32000,16000
Xiaomi,Xiaomi 14,12,256,981,0.69,1,85000,14000
Vivo,Vivo V30,8,256,805,0.77,1,42000,9000
Xiaomi,Redmi 12,4,128,775,0.72,1,15000,4000
Samsung,Galaxy A14,4,64,803,0.78,1,18000,4500
Samsung,Galaxy S24 Ultra,12,512,1303,0.6,1,175000,20500
Realme,Realme C53,4,64,856,0.7,1,13000,3000
Oppo,Oppo Reno 11 Pro,12,256,675,0.77,0,48000,9500
Samsung,Galaxy S24 Ultra,12,512,383,0.87,0,175000,62500
Nokia,Nokia G22,4,64,1392,0.58,1,16000,2000
Samsung,Galaxy S23 Ultra,12,256,732,0.8,1,155000,53500
Vivo,Vivo V30,8,256,799,0.77,1,42000,10000
Nokia,Nokia C32,3,64,636,0.79,1,12000,3000
Apple,iPhone 13,4,128,178,0.92,0,95000,53000
Samsung,Galaxy S24 Ultra,12,512,821,0.75,1,175000,43000
Vivo,Vivo V30,8,256,941,0.67,1,42000,6500
Samsung,Galaxy A34,6,128,446,0.78,0,38000,10500
Samsung,Galaxy S23 Ultra,12,256,621,0.8,1,155000,53000
Oppo,Oppo Reno 11 Pro,12,256,1312,0.59,0,48000,4000
Apple,iPhone 13,4,128,856,0.7,0,95000,20500
Infinix,Infinix Note 30,8,128,1128,0.6,1,20000,2000
Vivo,Vivo X100,12,256,503,0.83,1,70000,23500
Realme,Realme 12 Pro+,8,256,1149,0.65,1,38000,4500
Samsung,Galaxy S23,8,256,1322,0.55,1,95000,12000
OnePlus,OnePlus 12,12,256,416,0.79,1,85000,32000
Apple,iPhone SE (3rd Gen),4,64,852,0.72,1,65000,21500
Samsung,Galaxy A25,6,128,962,0.64,1,30000,5500
Samsung,Galaxy A25,6,128,60,1.0,1,30000,21500
Vivo,Vivo X100,12,256,542,0.84,1,70000,24500
Samsung,Galaxy S23,8,256,1195,0.53,1,95000,12500
Xiaomi,POCO X6,8,256,1196,0.57,0,28000,2500
Apple,iPhone 15 Pro,8,256,841,0.75,1,170000,51500
Realme,Realme C53,4,64,1215,0.58,0,13000,2000
Xiaomi,POCO M6 Pro,6,128,859,0.68,1,20000,3500
OnePlus,OnePlus Nord 3,8,128,1358,0.59,1,38000,4500
Xiaomi,Redmi Note 13,6,128,1024,0.75,1,22000,4000
Xiaomi,Redmi Note 13,6,128,462,0.85,1,22000,9000
Oppo,Oppo Reno 11 Pro,12,256,926,0.7,1,48000,10000
Apple,iPhone SE (3rd Gen),4,64,1129,0.63,1,65000,12500
Huawei,Huawei Nova Y90,6,128,638,0.85,1,25000,7500
Samsung,Galaxy A14,4,64,1453,0.47,1,18000,2000
Vivo,Vivo V30,8,256,1220,0.62,1,42000,5000
Xiaomi,Redmi A3,3,64,915,0.62,1,10000,2000
Vivo,Vivo X100,12,256,1380,0.55,0,70000,5500
Realme,Realme GT Neo 5,8,256,133,0.96,1,45000,24000
Realme,Realme GT Neo 5,8,256,1306,0.67,1,45000,4500
Vivo,Vivo Y18,4,64,1487,0.57,1,15000,2000
Vivo,Vivo Y18,4,64,1261,0.63,1,15000,2000
Samsung,Galaxy A34,6,128,68,1.0,1,38000,26500
Xiaomi,POCO X6,8,256,1199,0.68,1,28000,3500
Realme,Realme 12 Pro+,8,256,369,0.87,1,38000,15000
Oppo,Oppo Find X6 Pro,12,256,1332,0.49,1,95000,10000
Xiaomi,Xiaomi 14,12,256,650,0.89,1,85000,25500
Xiaomi,Redmi Note 13 Pro+,8,256,1282,0.65,1,38000,4000
Realme,Realme C53,4,64,247,0.97,1,13000,6500
Tecno,Tecno Camon 20,8,256,762,0.78,1,22000,4500
Realme,Realme Narzo 60,6,128,797,0.74,1,22000,5000
Huawei,Huawei Nova 11i,8,128,301,0.95,1,28000,13000
Apple,iPhone SE (3rd Gen),4,64,53,1.0,1,65000,52500
Samsung,Galaxy F15,4,128,1150,0.61,1,15000,2000
Xiaomi,POCO X6,8,256,444,0.87,1,28000,11500
Vivo,Vivo V30e,8,256,407,0.92,1,35000,15500
Samsung,Galaxy A55,8,256,949,0.68,1,52000,9500
Vivo,Vivo Y100,8,128,1375,0.49,0,28000,2000
Vivo,Vivo Y28,4,128,1126,0.65,1,18000,2500
Samsung,Galaxy A54,8,128,512,0.86,1,48000,18000
Samsung,Galaxy A55,8,256,729,0.78,0,52000,11000
OnePlus,OnePlus 12,12,256,451,0.85,1,85000,34000
Oppo,Oppo Reno 11,8,256,677,0.78,0,38000,7000
Xiaomi,Redmi Note 13 Pro+,8,256,392,0.83,1,38000,16000
Xiaomi,Redmi Note 13 Pro,8,128,617,0.72,1,30000,9000
Tecno,Tecno Spark 20,4,128,915,0.69,1,14000,2000
Xiaomi,Redmi 12,4,128,1266,0.52,1,15000,2000
Xiaomi,Redmi Note 13 Pro+,8,256,437,0.9,1,38000,16500
Apple,iPhone 12,4,64,531,0.82,1,72000,36000
Tecno,Tecno Spark 20,4,128,974,0.65,1,14000,2000
Samsung,Galaxy S23 Ultra,12,256,789,0.77,1,155000,41500
Xiaomi,POCO X6,8,256,120,1.0,1,28000,17000
Xiaomi,Redmi Note 13,6,128,771,0.74,1,22000,5000
Samsung,Galaxy S23 Ultra,12,256,1229,0.55,1,155000,21500
Samsung,Galaxy A34,6,128,439,0.85,1,38000,16000
Vivo,Vivo V30,8,256,1292,0.61,0,42000,3500
Xiaomi,Redmi Note 13,6,128,824,0.77,1,22000,4500
Oppo,Oppo Reno 11,8,256,263,0.91,1,38000,17500
Samsung,Galaxy A34,6,128,1373,0.56,0,38000,3500
Vivo,Vivo Y28,4,128,383,0.91,1,18000,7500
Xiaomi,Redmi Note 13,6,128,1455,0.54,1,22000,2000
Nokia,Nokia G42,6,128,927,0.71,1,22000,4000
Xiaomi,Redmi Note 12,6,128,1182,0.68,0,19000,2000
Xiaomi,POCO X6,8,256,438,0.84,1,28000,10500
Apple,iPhone 14,6,128,1486,0.45,1,115000,14000
Apple,iPhone 14 Pro,6,256,168,1.0,1,145000,110500
Tecno,Tecno Pova 5,8,128,545,0.86,1,18000,5000
Realme,Realme Narzo 60,6,128,165,0.99,1,22000,11000
Apple,iPhone 14 Pro,6,256,446,0.82,1,145000,70500
Samsung,Galaxy A25,6,128,662,0.79,1,30000,9000
Xiaomi,Redmi Note 13 Pro+,8,256,1480,0.48,1,38000,3500
OnePlus,OnePlus Nord CE 4,8,256,516,0.85,0,30000,9000
Vivo,Vivo V30,8,256,1082,0.64,0,42000,4500
Realme,Realme 12 Pro,8,256,1138,0.58,0,32000,3000
Apple,iPhone 12,4,64,633,0.85,0,72000,23500
Samsung,Galaxy M34,6,128,968,0.67,1,28000,4500
Nokia,Nokia G42,6,128,1091,0.65,0,22000,2000
Realme,Realme GT Neo 5,8,256,395,0.95,1,45000,20000
Apple,iPhone 14 Pro,6,256,341,0.81,0,145000,64500
Huawei,Huawei Nova Y90,6,128,275,0.98,1,25000,11500
Xiaomi,Redmi 13C,4,128,1439,0.57,1,13000,2000
Oppo,Oppo A18,4,64,307,0.92,0,14000,4500
Oppo,Oppo Reno 11,8,256,194,0.94,1,38000,21000
Apple,iPhone 14 Pro,6,256,485,0.82,0,145000,55500
Samsung,Galaxy A55,8,256,1143,0.62,1,52000,7500
Vivo,Vivo Y18,4,64,535,0.83,1,15000,5500
Xiaomi,Redmi A3,3,64,377,0.78,1,10000,3500
Vivo,Vivo Y100,8,128,159,0.9,0,28000,11500
Samsung,Galaxy A34,6,128,1255,0.56,1,38000,5000
Xiaomi,POCO M6 Pro,6,128,957,0.66,1,20000,3000
Infinix,Infinix Hot 40i,4,128,1002,0.69,0,12000,2000
Oppo,Oppo A78,8,128,1065,0.69,0,25000,2500
Apple,iPhone 14 Pro,6,256,1001,0.74,1,145000,41000
Vivo,Vivo V30e,8,256,362,0.87,1,35000,15000
Tecno,Tecno Camon 20,8,256,805,0.69,1,22000,3500
Samsung,Galaxy A14,4,64,355,0.91,1,18000,8500
Samsung,Galaxy A15,6,128,177,0.93,1,22000,13500
Oppo,Oppo A78,8,128,1174,0.65,1,25000,3000
Xiaomi,Redmi A3,3,64,431,0.82,1,10000,4000
Xiaomi,Redmi A3,3,64,59,1.0,1,10000,6500
OnePlus,OnePlus 12R,8,256,936,0.74,0,48000,8000
Nokia,Nokia G42,6,128,232,0.99,1,22000,9500
Samsung,Galaxy A54,8,128,485,0.85,1,48000,19500
Samsung,Galaxy S24 Ultra,12,512,1038,0.8,1,175000,43500
Apple,iPhone 15,6,128,187,0.91,1,135000,103000
Xiaomi,Redmi 12,4,128,831,0.7,1,15000,3500
Xiaomi,Xiaomi 14,12,256,964,0.71,1,85000,17500
Apple,iPhone 15 Pro,8,256,638,0.71,1,170000,62500
Xiaomi,POCO M6 Pro,6,128,1077,0.63,1,20000,3000
Vivo,Vivo V30,8,256,445,0.89,0,42000,12000
OnePlus,OnePlus Nord CE 3 Lite,8,128,133,0.95,1,25000,16000
OnePlus,OnePlus Nord CE 3 Lite,8,128,1067,0.56,1,25000,3500
Xiaomi,POCO M6 Pro,6,128,774,0.78,1,20000,4500
Vivo,Vivo X100,12,256,917,0.74,1,70000,14000
Apple,iPhone 15 Pro Max,8,512,1018,0.64,1,210000,41500
Apple,iPhone SE (3rd Gen),4,64,71,1.0,1,65000,57500
Xiaomi,Redmi Note 12,6,128,845,0.75,1,19000,4000
Samsung,Galaxy M34,6,128,941,0.71,1,28000,6000
Vivo,Vivo Y18,4,64,270,1.0,1,15000,8000
OnePlus,OnePlus Nord CE 3 Lite,8,128,636,0.79,1,25000,7000
Tecno,Tecno Pova 5,8,128,1229,0.67,1,18000,2000
Oppo,Oppo A18,4,64,1077,0.57,1,14000,2000
Infinix,Infinix Note 30,8,128,879,0.66,0,20000,2000
Vivo,Vivo V30e,8,256,404,0.85,0,35000,10000
OnePlus,OnePlus 12R,8,256,1076,0.7,1,48000,9500
Apple,iPhone 14,6,128,487,0.85,0,115000,41500
Samsung,Galaxy S24 Ultra,12,512,661,0.77,1,175000,54000
Xiaomi,Redmi Note 13 Pro,8,128,809,0.79,1,30000,7500
Apple,iPhone SE (3rd Gen),4,64,805,0.81,1,65000,24500
Samsung,Galaxy A25,6,128,727,0.82,1,30000,9500
Vivo,Vivo Y28,4,128,291,0.89,1,18000,8000
Vivo,Vivo Y28,4,128,1000,0.68,1,18000,2500
Xiaomi,Redmi Note 13,6,128,287,0.9,1,22000,10500
Xiaomi,POCO F5,8,256,853,0.73,1,38000,8000
Apple,iPhone 12,4,64,169,0.94,0,72000,41000
Xiaomi,Redmi Note 13 Pro+,8,256,779,0.76,1,38000,9000
Oppo,Oppo A78,8,128,689,0.77,1,25000,6500
Apple,iPhone 15 Pro Max,8,512,167,0.9,0,210000,112500
Samsung,Galaxy F15,4,128,506,0.82,1,15000,6500
Xiaomi,POCO F5,8,256,338,0.83,0,38000,12000
Nokia,Nokia C32,3,64,197,0.87,1,12000,5500
Apple,iPhone 14 Pro,6,256,1080,0.73,1,145000,38000
Realme,Realme 12 Pro+,8,256,225,1.0,0,38000,13500
Xiaomi,Redmi Note 12,6,128,493,0.84,1,19000,7000
OnePlus,OnePlus Nord 3,8,128,1399,0.48,1,38000,4000
OnePlus,OnePlus 12R,8,256,262,0.86,1,48000,26000
Samsung,Galaxy S24 Ultra,12,512,872,0.69,1,175000,31000
Realme,Realme 12 Pro,8,256,142,1.0,0,32000,12000
Samsung,Galaxy A34,6,128,1040,0.64,1,38000,5500
Realme,Realme 12 Pro+,8,256,678,0.72,1,38000,9000
Xiaomi,Redmi Note 13 Pro,8,128,350,0.92,1,30000,14000
Samsung,Galaxy A54,8,128,1485,0.6,0,48000,4000
Infinix,Infinix Note 30,8,128,1088,0.68,1,20000,2000
Xiaomi,Redmi Note 13 Pro+,8,256,50,0.9,0,38000,17000
Vivo,Vivo X100,12,256,224,0.87,1,70000,31500
Tecno,Tecno Pova 5,8,128,1282,0.7,1,18000,2000
Oppo,Oppo Find X6 Pro,12,256,126,0.95,1,95000,50000
Xiaomi,Redmi Note 13 Pro+,8,256,929,0.71,0,38000,6500
Samsung,Galaxy M34,6,128,838,0.67,1,28000,5500
OnePlus,OnePlus Nord CE 4,8,256,398,0.91,0,30000,11000
Samsung,Galaxy A55,8,256,1345,0.52,1,52000,6000
Vivo,Vivo V30e,8,256,1356,0.57,1,35000,3500
Tecno,Tecno Pova 5,8,128,1055,0.71,1,18000,3000
Vivo,Vivo Y28,4,128,780,0.82,1,18000,5000
OnePlus,OnePlus Nord CE 3 Lite,8,128,1223,0.61,1,25000,3000
Apple,iPhone SE (3rd Gen),4,64,1274,0.58,1,65000,10000
Apple,iPhone SE (3rd Gen),4,64,789,0.74,1,65000,22500
Apple,iPhone 14 Pro,6,256,736,0.75,1,145000,47500
Xiaomi,Redmi Note 13 Pro+,8,256,522,0.73,1,38000,12500
Samsung,Galaxy F15,4,128,1013,0.64,1,15000,2500
Vivo,Vivo X100,12,256,495,0.86,0,70000,20000
Samsung,Galaxy S24,8,256,610,0.76,1,105000,34000
Infinix,Infinix Hot 40i,4,128,1136,0.57,1,12000,2000
Samsung,Galaxy S24 Ultra,12,512,1190,0.62,1,175000,25500
OnePlus,OnePlus Nord 3,8,128,1326,0.58,1,38000,4500
Realme,Realme 12 Pro+,8,256,646,0.83,1,38000,11000
Samsung,Galaxy A15,6,128,672,0.71,1,22000,6000
Tecno,Tecno Camon 20,8,256,692,0.72,1,22000,5000
Xiaomi,Redmi A3,3,64,186,0.95,1,10000,6000
Xiaomi,POCO X6,8,256,822,0.7,1,28000,6000
Samsung,Galaxy A54,8,128,731,0.75,1,48000,14000
Vivo,Vivo V30,8,256,304,0.91,1,42000,19500
Xiaomi,POCO F5,8,256,248,0.99,1,38000,20500
Vivo,Vivo V30,8,256,463,0.87,1,42000,15000
Realme,Realme C67,6,128,490,0.85,0,16000,4500
Samsung,Galaxy A34,6,128,1099,0.65,1,38000,5500
Oppo,Oppo Reno 11 Pro,12,256,938,0.68,0,48000,5500
Xiaomi,Redmi Note 12,6,128,1158,0.64,0,19000,2000
Realme,Realme 12 Pro+,8,256,1445,0.48,1,38000,3500
Realme,Realme C53,4,64,1203,0.6,1,13000,2000
Vivo,Vivo Y28,4,128,928,0.72,1,18000,3500
Realme,Realme C67,6,128,1203,0.61,1,16000,2000
Apple,iPhone 13,4,128,103,0.96,1,95000,76000
Xiaomi,Redmi Note 12,6,128,59,0.98,1,19000,12000
Nokia,Nokia G22,4,64,283,0.9,1,16000,6500
Apple,iPhone 15 Pro Max,8,512,79,0.98,1,210000,164500
Oppo,Oppo A38,4,128,118,0.93,1,17000,9500
Samsung,Galaxy A55,8,256,641,0.83,1,52000,19000
Oppo,Oppo A38,4,128,108,0.98,1,17000,9000
OnePlus,OnePlus 12,12,256,692,0.74,1,85000,23000
Oppo,Oppo Reno 11 Pro,12,256,803,0.73,0,48000,8500
Samsung,Galaxy A25,6,128,395,0.86,0,30000,10500
Vivo,Vivo Y100,8,128,969,0.62,1,28000,4000
Xiaomi,POCO X6,8,256,1493,0.49,1,28000,2500
Apple,iPhone 15 Pro,8,256,538,0.87,1,170000,84000
OnePlus,OnePlus 12,12,256,1351,0.61,1,85000,10000
Samsung,Galaxy S24,8,256,540,0.8,1,105000,43500
OnePlus,OnePlus Nord CE 4,8,256,183,0.94,1,30000,17500
Samsung,Galaxy A54,8,128,376,0.79,1,48000,19000
Realme,Realme GT Neo 5,8,256,1258,0.61,0,45000,3500
Oppo,Oppo Reno 11 Pro,12,256,173,0.9,0,48000,18000
OnePlus,OnePlus 12,12,256,331,0.93,0,85000,33000
Samsung,Galaxy S23 Ultra,12,256,72,0.98,1,155000,99000
OnePlus,OnePlus 12,12,256,120,0.93,1,85000,54500
Samsung,Galaxy Z Flip5,8,256,380,0.93,1,125000,58500
Realme,Realme C67,6,128,864,0.68,1,16000,2500
OnePlus,OnePlus 12,12,256,311,0.92,0,85000,31500
Xiaomi,POCO X6,8,256,50,1.0,1,28000,16500
Samsung,Galaxy M14,4,64,862,0.77,0,16000,3000
Infinix,Infinix Hot 40i,4,128,848,0.72,1,12000,2000
Infinix,Infinix Note 30,8,128,719,0.77,1,20000,3500
Realme,Realme C53,4,64,282,0.9,0,13000,4500
Nokia,Nokia C32,3,64,950,0.67,1,12000,2000
Samsung,Galaxy S24 Ultra,12,512,730,0.76,1,175000,47000
OnePlus,OnePlus 11,12,256,702,0.75,0,65000,13000
Realme,Realme 12 Pro+,8,256,1206,0.56,1,38000,4000
Samsung,Galaxy M14,4,64,703,0.84,1,16000,5000
Nokia,Nokia G42,6,128,74,0.91,1,22000,11000
Infinix,Infinix Hot 40i,4,128,882,0.7,0,12000,2000
Oppo,Oppo Reno 11,8,256,1230,0.54,1,38000,4500
Oppo,Oppo Reno 11,8,256,761,0.78,0,38000,7000
Oppo,Oppo Reno 11,8,256,1497,0.46,1,38000,3500
Apple,iPhone 15 Pro Max,8,512,166,0.97,1,210000,155000
Tecno,Tecno Camon 20,8,256,1289,0.54,1,22000,2000
OnePlus,OnePlus Nord 3,8,128,1466,0.64,1,38000,3500
Samsung,Galaxy A25,6,128,1348,0.58,0,30000,2500
Huawei,Huawei Nova Y90,6,128,880,0.76,0,25000,3500
Xiaomi,Redmi 13C,4,128,125,0.91,1,13000,8000
Realme,Realme 12 Pro+,8,256,633,0.71,1,38000,10000
Infinix,Infinix GT 10 Pro,8,256,813,0.69,0,25000,2500
Oppo,Oppo A38,4,128,305,0.97,0,17000,5500
Samsung,Galaxy Z Flip5,8,256,214,0.97,1,125000,78500
Xiaomi,Redmi Note 12,6,128,50,1.0,1,19000,12500
Xiaomi,Redmi Note 13 Pro,8,128,410,0.86,1,30000,13000
Realme,Realme Narzo 60,6,128,1225,0.68,1,22000,2500
Realme,Realme 12 Pro+,8,256,1241,0.62,1,38000,4000
Realme,Realme Narzo 60,6,128,1231,0.62,1,22000,2500
Samsung,Galaxy A15,6,128,1119,0.6,1,22000,3000
Tecno,Tecno Spark 20,4,128,980,0.63,0,14000,2000
Samsung,Galaxy A15,6,128,1265,0.61,1,22000,2500
Samsung,Galaxy A15,6,128,1199,0.64,1,22000,3000
Samsung,Galaxy A15,6,128,213,0.87,1,22000,12500
Xiaomi,Redmi Note 13 Pro,8,128,534,0.84,0,30000,8500
Apple,iPhone 13,4,128,793,0.76,1,95000,28500
Samsung,Galaxy F15,4,128,1051,0.63,1,15000,2500
Xiaomi,Redmi Note 13 Pro+,8,256,1046,0.62,1,38000,5500
Xiaomi,POCO F5,8,256,951,0.76,1,38000,8000
Tecno,Tecno Camon 20,8,256,999,0.73,0,22000,2500
Apple,iPhone 14,6,128,597,0.77,1,115000,42000
OnePlus,OnePlus 11,12,256,664,0.8,0,65000,16500
Samsung,Galaxy S24,8,256,153,0.9,1,105000,62000
Vivo,Vivo V30e,8,256,1093,0.66,1,35000,4000
Huawei,Huawei Nova 11i,8,128,1439,0.51,1,28000,2500
Xiaomi,Redmi Note 13,6,128,723,0.64,1,22000,4000
Tecno,Tecno Spark 20,4,128,786,0.83,1,14000,3000
Oppo,Oppo Find X6 Pro,12,256,325,0.89,1,95000,41500
Oppo,Oppo Reno 11 Pro,12,256,102,0.92,1,48000,26000
Vivo,Vivo X100,12,256,1142,0.65,0,70000,7000
Apple,iPhone 15,6,128,1174,0.6,1,135000,22500
Apple,iPhone 15,6,128,718,0.73,1,135000,45500
Tecno,Tecno Spark 20,4,128,576,0.82,0,14000,3000
OnePlus,OnePlus Nord CE 3 Lite,8,128,106,0.85,1,25000,14000
Samsung,Galaxy M14,4,64,1414,0.55,1,16000,2000
Xiaomi,POCO M6 Pro,6,128,33,0.99,1,20000,12000
Xiaomi,POCO X6,8,256,786,0.89,1,28000,8000
Xiaomi,Redmi 13C,4,128,587,0.73,1,13000,3500
Samsung,Galaxy S24 Ultra,12,512,451,0.9,1,175000,87000
Apple,iPhone 15 Pro Max,8,512,1252,0.5,1,210000,33500
Realme,Realme 12 Pro,8,256,1212,0.65,0,32000,2500
Xiaomi,Redmi Note 12,6,128,473,0.85,1,19000,7500
Xiaomi,POCO F5,8,256,1022,0.56,0,38000,4000
OnePlus,OnePlus 12,12,256,590,0.78,1,85000,24500
Realme,Realme C53,4,64,222,0.81,0,13000,4500
Huawei,Huawei Nova Y90,6,128,1000,0.66,1,25000,3000
Xiaomi,Xiaomi 14,12,256,1017,0.61,1,85000,13000
Apple,iPhone 13,4,128,648,0.77,1,95000,37500
Xiaomi,Xiaomi 14,12,256,1009,0.69,1,85000,12000
Xiaomi,Redmi 12,4,128,998,0.56,0,15000,2000
Xiaomi,Redmi Note 13 Pro+,8,256,1387,0.54,1,38000,3500
Tecno,Tecno Camon 20,8,256,758,0.72,1,22000,4000
Oppo,Oppo Find X6 Pro,12,256,980,0.57,0,95000,10500
Huawei,Huawei Nova 11i,8,128,964,0.66,1,28000,4000
Xiaomi,Redmi Note 13 Pro+,8,256,935,0.72,1,38000,7500
Apple,iPhone 15,6,128,453,0.83,0,135000,56000
Oppo,Oppo Reno 11 Pro,12,256,341,0.97,0,48000,16000
Samsung,Galaxy A15,6,128,555,0.76,1,22000,7500
Oppo,Oppo A78,8,128,163,0.95,1,25000,13500
Apple,iPhone 15,6,128,938,0.63,1,135000,28500
Samsung,Galaxy S24,8,256,1197,0.68,1,105000,15000
Samsung,Galaxy S24,8,256,502,0.81,1,105000,45500
Oppo,Oppo Reno 11 Pro,12,256,1462,0.59,1,48000,4500
OnePlus,OnePlus Nord CE 3 Lite,8,128,663,0.74,1,25000,7000
Apple,iPhone 14 Pro,6,256,1108,0.65,1,145000,27500
Tecno,Tecno Camon 20,8,256,1280,0.64,1,22000,2000
Realme,Realme C53,4,64,1451,0.47,1,13000,2000
OnePlus,OnePlus 12R,8,256,1162,0.55,1,48000,6500
OnePlus,OnePlus Nord CE 4,8,256,767,0.67,1,30000,6000
Vivo,Vivo V30e,8,256,1302,0.58,1,35000,3500
Xiaomi,Redmi 12,4,128,305,0.94,1,15000,7500
Samsung,Galaxy S24 Ultra,12,512,552,0.84,1,175000,65500
Infinix,Infinix Note 30,8,128,215,0.93,1,20000,7500
Oppo,Oppo A38,4,128,1034,0.66,1,17000,2500
OnePlus,OnePlus 12R,8,256,256,0.9,1,48000,27000
Vivo,Vivo Y28,4,128,65,1.0,1,18000,10000
Infinix,Infinix GT 10 Pro,8,256,44,0.96,1,25000,11500
Realme,Realme C67,6,128,1001,0.67,1,16000,2000
Samsung,Galaxy A25,6,128,1384,0.57,1,30000,3500
Apple,iPhone 12,4,64,269,1.0,1,72000,46500
Nokia,Nokia G42,6,128,482,0.93,0,22000,5500
Realme,Realme 12 Pro+,8,256,140,0.98,1,38000,21000
Apple,iPhone 15 Pro,8,256,1124,0.65,0,170000,24000
Samsung,Galaxy A54,8,128,773,0.77,1,48000,13500
OnePlus,OnePlus Nord CE 3 Lite,8,128,1282,0.66,1,25000,3000
Samsung,Galaxy A25,6,128,328,0.88,1,30000,14500
Infinix,Infinix Note 30,8,128,346,0.84,1,20000,6500
Vivo,Vivo X100,12,256,945,0.67,1,70000,11000
Infinix,Infinix GT 10 Pro,8,256,567,0.74,1,25000,6000
Huawei,Huawei Nova 11i,8,128,350,0.92,1,28000,12500
Infinix,Infinix Note 30,8,128,663,0.73,1,20000,4000
Apple,iPhone SE (3rd Gen),4,64,504,0.82,1,65000,32500
Samsung,Galaxy S24 Ultra,12,512,848,0.73,1,175000,41500
OnePlus,OnePlus Nord CE 4,8,256,1409,0.53,0,30000,2500
Huawei,Huawei Nova Y90,6,128,962,0.72,1,25000,4500
Oppo,Oppo A38,4,128,316,0.89,1,17000,7000
Xiaomi,Redmi A3,3,64,946,0.68,1,10000,2000
Infinix,Infinix Hot 40i,4,128,107,1.0,1,12000,5000
OnePlus,OnePlus 12,12,256,1470,0.45,1,85000,8000
Samsung,Galaxy A15,6,128,726,0.72,1,22000,6500
Xiaomi,Redmi A3,3,64,1046,0.71,0,10000,2000
Nokia,Nokia G42,6,128,711,0.72,1,22000,4500
Apple,iPhone 15 Pro Max,8,512,1031,0.65,1,210000,43500
Vivo,Vivo Y100,8,128,1326,0.52,0,28000,2000
Realme,Realme 12 Pro,8,256,454,0.87,1,32000,11500
Samsung,Galaxy M34,6,128,152,0.97,1,28000,18500
Vivo,Vivo Y100,8,128,1409,0.57,1,28000,2500
Infinix,Infinix GT 10 Pro,8,256,81,0.96,1,25000,11000
OnePlus,OnePlus Nord CE 4,8,256,86,0.98,1,30000,18000
Apple,iPhone 15 Pro,8,256,1315,0.52,0,170000,20000
Samsung,Galaxy A34,6,128,529,0.84,1,38000,15000
Vivo,Vivo V30e,8,256,1289,0.59,1,35000,3500
Oppo,Oppo A38,4,128,654,0.82,1,17000,5000
Vivo,Vivo Y28,4,128,1012,0.67,1,18000,2500
Oppo,Oppo A38,4,128,1336,0.59,1,17000,2000
Apple,iPhone 14 Pro,6,256,533,0.8,0,145000,49500
Xiaomi,POCO X6,8,256,766,0.73,1,28000,6500
Oppo,Oppo A18,4,64,1196,0.64,1,14000,2000
Realme,Realme GT Neo 5,8,256,676,0.84,1,45000,12500
Vivo,Vivo V30e,8,256,897,0.71,1,35000,7000
Samsung,Galaxy M14,4,64,303,0.91,1,16000,9000
Apple,iPhone 15,6,128,133,0.9,1,135000,100500
Apple,iPhone 15 Pro Max,8,512,117,0.94,1,210000,160500
Vivo,Vivo Y100,8,128,1376,0.63,1,28000,3000
Xiaomi,Redmi Note 13 Pro+,8,256,588,0.84,1,38000,12000
Xiaomi,Redmi Note 12,6,128,222,0.93,1,19000,9500
Xiaomi,Redmi Note 13,6,128,698,0.74,1,22000,5500
Xiaomi,Redmi Note 13 Pro,8,128,83,0.92,1,30000,19000
Realme,Realme GT Neo 5,8,256,1379,0.49,1,45000,4500
Samsung,Galaxy A15,6,128,565,0.66,0,22000,4000
Tecno,Tecno Spark 20,4,128,727,0.84,1,14000,3000
Tecno,Tecno Spark 20,4,128,1400,0.54,0,14000,2000
Oppo,Oppo Reno 11,8,256,1248,0.55,1,38000,4000
Oppo,Oppo Find X6 Pro,12,256,998,0.62,1,95000,14500
Xiaomi,Redmi Note 13,6,128,95,0.98,1,22000,12000
Samsung,Galaxy A15,6,128,686,0.78,1,22000,6500
Samsung,Galaxy A55,8,256,718,0.75,1,52000,15000
Realme,Realme C53,4,64,483,0.97,0,13000,3500
Tecno,Tecno Spark 20,4,128,614,0.89,0,14000,2500
OnePlus,OnePlus 11,12,256,1131,0.62,1,65000,9000
OnePlus,OnePlus 12,12,256,1228,0.61,1,85000,12000
Oppo,Oppo Reno 11,8,256,494,0.88,0,38000,10500
Samsung,Galaxy F15,4,128,1028,0.67,0,15000,2000
Samsung,Galaxy M14,4,64,336,0.86,1,16000,8000
Oppo,Oppo A18,4,64,1452,0.51,1,14000,2000
Oppo,Oppo A18,4,64,671,0.79,1,14000,3500
Oppo,Oppo Reno 11 Pro,12,256,1301,0.59,1,48000,5000
Samsung,Galaxy A15,6,128,53,1.0,1,22000,15000
Oppo,Oppo Reno 11,8,256,1357,0.46,1,38000,4000
Oppo,Oppo A38,4,128,1007,0.7,0,17000,2500
Vivo,Vivo Y100,8,128,1262,0.61,1,28000,3000
Apple,iPhone 15 Pro,8,256,1366,0.61,1,170000,25000
Xiaomi,POCO X6,8,256,923,0.74,1,28000,6000
Huawei,Huawei Nova 11i,8,128,138,0.96,0,28000,10000
Samsung,Galaxy S24,8,256,52,0.97,0,105000,52000
OnePlus,OnePlus 12,12,256,660,0.77,1,85000,23000
Xiaomi,POCO X6,8,256,204,0.93,1,28000,15500
Samsung,Galaxy A25,6,128,326,0.78,1,30000,11500
Apple,iPhone 15 Pro Max,8,512,1299,0.62,1,210000,31500
OnePlus,OnePlus 12,12,256,956,0.67,1,85000,14500
Xiaomi,Redmi A3,3,64,211,0.92,0,10000,4000
Nokia,Nokia G22,4,64,1003,0.61,1,16000,2000
Xiaomi,POCO M6 Pro,6,128,331,0.9,1,20000,9500
Oppo,Oppo Find X6 Pro,12,256,389,0.96,1,95000,41500
Realme,Realme 12 Pro,8,256,459,0.8,1,32000,11500
Xiaomi,POCO F5,8,256,599,0.95,1,38000,14000
Samsung,Galaxy M14,4,64,1147,0.64,1,16000,2500
Samsung,Galaxy S24,8,256,1272,0.51,1,105000,13000
OnePlus,OnePlus Nord 3,8,128,971,0.77,0,38000,6000
Oppo,Oppo A38,4,128,679,0.76,1,17000,4500
OnePlus,OnePlus Nord 3,8,128,114,0.96,1,38000,25500
OnePlus,OnePlus 11,12,256,1194,0.67,1,65000,8000
Xiaomi,POCO M6 Pro,6,128,1329,0.49,0,20000,2000
Xiaomi,Redmi Note 12,6,128,1322,0.66,1,19000,2000
OnePlus,OnePlus 12,12,256,1204,0.64,1,85000,11000
Huawei,Huawei Nova Y90,6,128,1413,0.49,1,25000,2500
Apple,iPhone SE (3rd Gen),4,64,205,0.91,1,65000,46500
Infinix,Infinix GT 10 Pro,8,256,602,0.82,1,25000,7000
Xiaomi,Redmi A3,3,64,1001,0.65,1,10000,2000
OnePlus,OnePlus Nord CE 4,8,256,742,0.73,1,30000,8500
Xiaomi,POCO M6 Pro,6,128,1300,0.55,1,20000,2000
Oppo,Oppo A38,4,128,957,0.69,1,17000,2500
Xiaomi,Redmi 12,4,128,1474,0.54,1,15000,2000
Vivo,Vivo Y18,4,64,108,0.93,1,15000,8500
Infinix,Infinix Note 30,8,128,845,0.69,0,20000,2000
Apple,iPhone 15 Pro Max,8,512,993,0.74,1,210000,58000
Xiaomi,Redmi Note 13 Pro,8,128,939,0.64,1,30000,4500
Tecno,Tecno Camon 20,8,256,377,0.84,1,22000,7000
Xiaomi,Redmi Note 13 Pro+,8,256,1017,0.69,1,38000,5500
Samsung,Galaxy A54,8,128,744,0.68,1,48000,9500
Xiaomi,Redmi Note 13 Pro+,8,256,47,1.0,1,38000,22000
Realme,Realme Narzo 60,6,128,943,0.69,0,22000,2500
Samsung,Galaxy A54,8,128,1041,0.57,0,48000,5500
Samsung,Galaxy A54,8,128,713,0.69,1,48000,11000
Apple,iPhone SE (3rd Gen),4,64,187,0.86,0,65000,32000
Apple,iPhone 15 Pro Max,8,512,266,0.94,1,210000,146000
Xiaomi,Xiaomi 14,12,256,844,0.71,1,85000,18000
Vivo,Vivo X100,12,256,40,0.93,1,70000,41000
OnePlus,OnePlus Nord 3,8,128,1002,0.62,1,38000,6000
Infinix,Infinix Hot 40i,4,128,722,0.79,1,12000,2000
Realme,Realme GT Neo 5,8,256,794,0.75,1,45000,9500
Tecno,Tecno Camon 20,8,256,94,0.99,1,22000,10500
Apple,iPhone 15,6,128,1266,0.58,1,135000,20500
Realme,Realme GT Neo 5,8,256,811,0.66,0,45000,5500
Apple,iPhone 13,4,128,124,0.95,1,95000,74000
Oppo,Oppo A78,8,128,913,0.72,1,25000,5500
Tecno,Tecno Spark 20,4,128,816,0.73,0,14000,2000
Xiaomi,Xiaomi 14,12,256,925,0.76,1,85000,18000
Xiaomi,POCO F5,8,256,789,0.74,1,38000,9500
Samsung,Galaxy A54,8,128,98,0.99,1,48000,30000
Realme,Realme GT Neo 5,8,256,570,0.73,0,45000,9500
Tecno,Tecno Pova 5,8,128,1151,0.67,1,18000,2000
Samsung,Galaxy M14,4,64,846,0.66,1,16000,3500
Realme,Realme 12 Pro+,8,256,367,0.94,0,38000,13000
Samsung,Galaxy M14,4,64,1215,0.63,1,16000,2000
Apple,iPhone 15,6,128,206,0.96,1,135000,98500
Xiaomi,Redmi A3,3,64,1063,0.57,1,10000,2000
Realme,Realme C53,4,64,277,0.93,0,13000,4000
Xiaomi,POCO X6,8,256,339,0.88,0,28000,9500
Samsung,Galaxy A25,6,128,555,0.84,1,30000,11500
Oppo,Oppo Reno 11,8,256,637,0.75,1,38000,10000
Realme,Realme 12 Pro+,8,256,1476,0.57,1,38000,3000
Oppo,Oppo A78,8,128,185,0.97,1,25000,12500
Vivo,Vivo V30e,8,256,884,0.74,1,35000,8000
Samsung,Galaxy A34,6,128,148,0.96,1,38000,23500
Apple,iPhone 14,6,128,1407,0.52,0,115000,12500
Vivo,Vivo V30e,8,256,1258,0.64,1,35000,4000
Samsung,Galaxy A15,6,128,846,0.69,0,22000,3500
OnePlus,OnePlus Nord CE 3 Lite,8,128,1462,0.48,0,25000,2000
OnePlus,OnePlus 12R,8,256,63,0.89,1,48000,29000
Apple,iPhone 12,4,64,1292,0.59,1,72000,11000
OnePlus,OnePlus 12,12,256,1259,0.63,1,85000,11000
Realme,Realme GT Neo 5,8,256,529,0.79,0,45000,10000
Samsung,Galaxy F15,4,128,914,0.68,0,15000,2000
Samsung,Galaxy A34,6,128,1053,0.64,1,38000,6000
Xiaomi,Redmi 13C,4,128,844,0.74,1,13000,3000
Samsung,Galaxy A25,6,128,211,0.95,1,30000,19000
Samsung,Galaxy F15,4,128,470,0.88,1,15000,6500
Xiaomi,Redmi Note 13,6,128,559,0.82,0,22000,5500
Xiaomi,Redmi Note 13 Pro,8,128,88,0.92,1,30000,18500
Nokia,Nokia G42,6,128,86,0.93,1,22000,12000
Xiaomi,Redmi 13C,4,128,516,0.78,1,13000,4000
Huawei,Huawei Nova 11i,8,128,887,0.7,0,28000,4000
Samsung,Galaxy S24 Ultra,12,512,159,1.0,1,175000,100500
Xiaomi,Redmi Note 13,6,128,550,0.87,1,22000,8000
Xiaomi,POCO X6,8,256,699,0.73,0,28000,6000
Infinix,Infinix GT 10 Pro,8,256,766,0.71,1,25000,5000
Xiaomi,POCO X6,8,256,1108,0.53,1,28000,3500
Apple,iPhone 14,6,128,1326,0.51,1,115000,17500
OnePlus,OnePlus 11,12,256,1260,0.61,1,65000,7500
Samsung,Galaxy M34,6,128,392,0.87,1,28000,12500
Infinix,Infinix Note 30,8,128,806,0.72,1,20000,3500
Vivo,Vivo Y28,4,128,389,0.91,1,18000,8000
Xiaomi,Xiaomi 14,12,256,63,0.96,1,85000,52500
Huawei,Huawei Nova 11i,8,128,1125,0.6,1,28000,3000
Samsung,Galaxy M34,6,128,1022,0.66,1,28000,4500
Infinix,Infinix Note 30,8,128,424,0.86,1,20000,6000
Infinix,Infinix GT 10 Pro,8,256,408,0.91,0,25000,6500
Samsung,Galaxy M34,6,128,574,0.82,1,28000,10000
Xiaomi,Xiaomi 14,12,256,1396,0.61,1,85000,8500
Samsung,Galaxy A54,8,128,1307,0.67,1,48000,6500
Xiaomi,POCO F5,8,256,624,0.73,1,38000,10000
Vivo,Vivo Y18,4,64,523,0.88,1,15000,5000
Xiaomi,Redmi Note 12,6,128,854,0.67,1,19000,3500
Samsung,Galaxy S23,8,256,1204,0.6,1,95000,12000
Xiaomi,Redmi 12,4,128,313,0.94,0,15000,6000
Apple,iPhone 15 Pro Max,8,512,331,0.88,1,210000,128000
Realme,Realme 12 Pro+,8,256,951,0.73,1,38000,7000
Samsung,Galaxy S23 Ultra,12,256,966,0.67,1,155000,25500
Samsung,Galaxy S23 Ultra,12,256,479,0.85,0,155000,50000
Oppo,Oppo A18,4,64,94,0.94,1,14000,7500
OnePlus,OnePlus Nord 3,8,128,1238,0.66,1,38000,4500
Samsung,Galaxy A54,8,128,87,0.97,0,48000,25500
Infinix,Infinix GT 10 Pro,8,256,915,0.67,0,25000,2000
Vivo,Vivo V30,8,256,1485,0.48,1,42000,3500
Nokia,Nokia C32,3,64,1331,0.45,1,12000,2000
Samsung,Galaxy A34,6,128,1341,0.56,0,38000,3500
Oppo,Oppo A38,4,128,1435,0.53,1,17000,2000
Apple,iPhone 12,4,64,635,0.79,1,72000,27000
Tecno,Tecno Camon 20,8,256,1087,0.6,1,22000,2500
Apple,iPhone 13,4,128,510,0.73,1,95000,39000
Tecno,Tecno Pova 5,8,128,323,0.97,1,18000,7000
Apple,iPhone 15 Pro,8,256,1289,0.48,1,170000,25500
OnePlus,OnePlus Nord CE 3 Lite,8,128,689,0.89,1,25000,8500
OnePlus,OnePlus 12R,8,256,1483,0.46,1,48000,4500
Xiaomi,POCO F5,8,256,415,0.97,1,38000,17000
Realme,Realme C53,4,64,1137,0.59,1,13000,2000
Xiaomi,Redmi 12,4,128,959,0.83,0,15000,2500
Samsung,Galaxy F15,4,128,588,0.81,1,15000,6000
OnePlus,OnePlus Nord 3,8,128,537,0.83,1,38000,15500
Samsung,Galaxy A25,6,128,82,1.0,1,30000,18500
Apple,iPhone 15 Pro Max,8,512,962,0.63,1,210000,41500
Samsung,Galaxy A25,6,128,813,0.71,1,30000,8000
Apple,iPhone 15,6,128,673,0.7,1,135000,50500
Apple,iPhone 15,6,128,445,0.83,1,135000,69500
Xiaomi,POCO M6 Pro,6,128,1170,0.65,1,20000,2500
OnePlus,OnePlus 12R,8,256,377,0.84,1,48000,20000
Realme,Realme GT Neo 5,8,256,1307,0.61,0,45000,3500
Xiaomi,POCO X6,8,256,1056,0.72,1,28000,5500
Apple,iPhone 14 Pro,6,256,329,0.91,1,145000,95500
Apple,iPhone 14 Pro,6,256,950,0.67,1,145000,33000
Realme,Realme Narzo 60,6,128,905,0.68,1,22000,3500
Xiaomi,Redmi 12,4,128,640,0.75,1,15000,4000
Apple,iPhone 15 Pro Max,8,512,1353,0.55,1,210000,30000
Tecno,Tecno Pova 5,8,128,601,0.84,1,18000,4500
Realme,Realme 12 Pro+,8,256,243,1.0,1,38000,18500
Realme,Realme 12 Pro+,8,256,795,0.73,1,38000,8500
Samsung,Galaxy M14,4,64,348,0.96,1,16000,8500
Xiaomi,Redmi Note 13,6,128,1356,0.49,1,22000,2000
Samsung,Galaxy A34,6,128,1175,0.64,1,38000,5500
Samsung,Galaxy F15,4,128,454,0.8,0,15000,4500
Apple,iPhone 12,4,64,1468,0.45,1,72000,9000
Vivo,Vivo V30,8,256,484,0.9,1,42000,17000
Samsung,Galaxy S23,8,256,90,0.94,1,95000,61500
Samsung,Galaxy Z Flip5,8,256,1112,0.61,1,125000,19500
Oppo,Oppo Reno 11,8,256,551,0.84,1,38000,13500
Xiaomi,Redmi Note 13 Pro,8,128,1349,0.58,1,30000,3000
Realme,Realme 12 Pro+,8,256,307,0.95,1,38000,15500
Oppo,Oppo A18,4,64,217,0.95,0,14000,5000
Infinix,Infinix Note 30,8,128,595,0.88,1,20000,5000
Apple,iPhone 15 Pro,8,256,1386,0.56,0,170000,19000
Xiaomi,POCO X6,8,256,1231,0.64,1,28000,3500
Realme,Realme 12 Pro+,8,256,46,0.99,1,38000,21500
Xiaomi,Redmi 12,4,128,1105,0.67,1,15000,2000
Apple,iPhone 12,4,64,97,0.96,0,72000,40500
Vivo,Vivo Y18,4,64,1223,0.64,1,15000,2000
Apple,iPhone 14,6,128,729,0.8,1,115000,45000
Apple,iPhone 14,6,128,819,0.69,1,115000,28000
Samsung,Galaxy A14,4,64,785,0.7,1,18000,5000
Realme,Realme GT Neo 5,8,256,809,0.75,1,45000,9000
OnePlus,OnePlus Nord CE 3 Lite,8,128,226,0.98,1,25000,13000
Samsung,Galaxy A25,6,128,186,0.98,1,30000,19000
Samsung,Galaxy A34,6,128,240,0.93,1,38000,22000
OnePlus,OnePlus 12R,8,256,172,0.94,1,48000,30500
Samsung,Galaxy A54,8,128,1185,0.64,1,48000,6500
Tecno,Tecno Spark 20,4,128,338,0.9,1,14000,5500
Realme,Realme C67,6,128,1146,0.62,1,16000,2000
Tecno,Tecno Camon 20,8,256,568,0.81,1,22000,6500
Tecno,Tecno Spark 20,4,128,1234,0.6,1,14000,2000
Oppo,Oppo Reno 11,8,256,489,0.85,0,38000,10000
Xiaomi,Redmi Note 13 Pro+,8,256,706,0.77,0,38000,8000
Xiaomi,POCO F5,8,256,480,0.86,1,38000,13500
Xiaomi,Redmi 13C,4,128,963,0.73,1,13000,2500
Xiaomi,Redmi Note 12,6,128,1316,0.64,1,19000,2000
Samsung,Galaxy M34,6,128,1311,0.63,1,28000,3000
OnePlus,OnePlus 12R,8,256,819,0.75,1,48000,11000
Xiaomi,Xiaomi 14,12,256,330,0.88,0,85000,26500
Vivo,Vivo X100,12,256,244,1.0,1,70000,33000
Vivo,Vivo X100,12,256,346,0.84,1,70000,27500
Nokia,Nokia G42,6,128,1375,0.57,1,22000,2000
Samsung,Galaxy Z Flip5,8,256,1328,0.48,0,125000,12000
Apple,iPhone SE (3rd Gen),4,64,792,0.78,1,65000,21500
Nokia,Nokia G42,6,128,696,0.83,1,22000,5500
Apple,iPhone 14,6,128,31,0.94,1,115000,100000
Realme,Realme C53,4,64,669,0.75,1,13000,3000
Samsung,Galaxy A34,6,128,1458,0.45,1,38000,4000
OnePlus,OnePlus 12R,8,256,1336,0.5,1,48000,5500
Realme,Realme GT Neo 5,8,256,288,0.9,1,45000,20000
Nokia,Nokia C32,3,64,853,0.69,1,12000,2000
Xiaomi,Redmi 13C,4,128,1396,0.66,1,13000,2000
Samsung,Galaxy S23,8,256,1388,0.59,0,95000,8500
Nokia,Nokia C32,3,64,259,0.89,1,12000,4500
Nokia,Nokia C32,3,64,1225,0.6,1,12000,2000
Nokia,Nokia G42,6,128,509,0.83,1,22000,7000
Infinix,Infinix Note 30,8,128,369,0.88,0,20000,5000
Oppo,Oppo Find X6 Pro,12,256,595,0.79,0,95000,20500
OnePlus,OnePlus 11,12,256,689,0.74,0,65000,13500
Realme,Realme 12 Pro,8,256,749,0.82,1,32000,9000
Vivo,Vivo V30,8,256,436,0.85,1,42000,16000
Xiaomi,Redmi Note 13 Pro+,8,256,961,0.64,1,38000,6000
Vivo,Vivo V30e,8,256,767,0.77,1,35000,7500
Xiaomi,POCO M6 Pro,6,128,1349,0.53,1,20000,2000
Realme,Realme C53,4,64,128,0.9,1,13000,7000
Xiaomi,POCO M6 Pro,6,128,1072,0.69,1,20000,2500
OnePlus,OnePlus 11,12,256,1389,0.54,1,65000,7000
Samsung,Galaxy M14,4,64,677,0.82,0,16000,4000
Realme,Realme GT Neo 5,8,256,959,0.65,1,45000,6500
Samsung,Galaxy M34,6,128,933,0.68,0,28000,4000
Realme,Realme GT Neo 5,8,256,938,0.66,1,45000,6500
Xiaomi,Redmi Note 13 Pro+,8,256,649,0.75,0,38000,7000
Vivo,Vivo V30e,8,256,1290,0.54,1,35000,3500
Samsung,Galaxy S23 Ultra,12,256,1075,0.62,1,155000,23500
Realme,Realme C67,6,128,213,0.95,1,16000,7500
Xiaomi,Redmi A3,3,64,945,0.75,1,10000,2000
Realme,Realme 12 Pro,8,256,1486,0.49,1,32000,3000
Samsung,Galaxy S24,8,256,684,0.82,1,105000,35000
Xiaomi,Redmi 12,4,128,1442,0.49,1,15000,2000
Samsung,Galaxy M14,4,64,225,0.86,1,16000,8000
Vivo,Vivo V30e,8,256,457,0.85,1,35000,12500
Infinix,Infinix GT 10 Pro,8,256,1053,0.65,1,25000,3000
Huawei,Huawei Nova 11i,8,128,1048,0.61,0,28000,3000
OnePlus,OnePlus 12,12,256,561,0.75,1,85000,29000
Oppo,Oppo Reno 11 Pro,12,256,883,0.65,1,48000,8000
Vivo,Vivo Y28,4,128,573,0.9,1,18000,6000
Vivo,Vivo Y18,4,64,1128,0.67,1,15000,2000
Apple,iPhone 14 Pro,6,256,132,0.92,0,145000,89500
Apple,iPhone 15,6,128,400,0.89,1,135000,75000
Oppo,Oppo Find X6 Pro,12,256,1287,0.66,1,95000,11000
Samsung,Galaxy S24,8,256,1010,0.63,0,105000,13500
Samsung,Galaxy A34,6,128,172,0.88,0,38000,16000
Apple,iPhone 14 Pro,6,256,161,0.93,1,145000,115500
Apple,iPhone 15,6,128,114,1.0,1,135000,107500
Apple,iPhone 15,6,128,500,0.79,0,135000,40500
Vivo,Vivo Y100,8,128,321,0.92,1,28000,12000
Infinix,Infinix GT 10 Pro,8,256,1462,0.53,1,25000,2000
Xiaomi,POCO X6,8,256,130,0.95,0,28000,13000
Apple,iPhone 15 Pro Max,8,512,1161,0.67,1,210000,39000
Xiaomi,POCO F5,8,256,469,0.86,1,38000,15000
Huawei,Huawei Nova 11i,8,128,1156,0.6,0,28000,2500
Huawei,Huawei Nova Y90,6,128,930,0.73,1,25000,4500
Tecno,Tecno Spark 20,4,128,380,0.86,1,14000,5000
Xiaomi,POCO X6,8,256,1348,0.58,1,28000,3000
Samsung,Galaxy A54,8,128,1403,0.61,0,48000,4500
Xiaomi,Redmi Note 13 Pro,8,128,84,0.97,1,30000,18500
Apple,iPhone 14 Pro,6,256,317,1.0,1,145000,89000
Apple,iPhone 14,6,128,755,0.67,1,115000,27500
Samsung,Galaxy A34,6,128,392,0.65,0,38000,8500
Tecno,Tecno Pova 5,8,128,556,0.72,1,18000,4500
Xiaomi,Redmi Note 12,6,128,1228,0.6,0,19000,2000
Infinix,Infinix Note 30,8,128,804,0.79,1,20000,3500
Samsung,Galaxy A25,6,128,1011,0.57,1,30000,4500
Vivo,Vivo Y28,4,128,1493,0.57,1,18000,2000
Oppo,Oppo A18,4,64,792,0.66,1,14000,2500
Infinix,Infinix Note 30,8,128,1227,0.53,0,20000,2000
Oppo,Oppo A18,4,64,200,0.93,1,14000,7000
Huawei,Huawei Nova Y90,6,128,1164,0.62,1,25000,3000
Oppo,Oppo Reno 11 Pro,12,256,792,0.73,1,48000,11000
Apple,iPhone 15 Pro Max,8,512,919,0.69,1,210000,46000
Realme,Realme C67,6,128,528,0.85,1,16000,5500
Xiaomi,Redmi 12,4,128,121,0.96,0,15000,6000
Oppo,Oppo Reno 11,8,256,976,0.6,1,38000,5500
Realme,Realme GT Neo 5,8,256,1196,0.65,1,45000,5000
Samsung,Galaxy Z Flip5,8,256,491,0.79,1,125000,46500
Oppo,Oppo A38,4,128,1089,0.72,1,17000,3000
Xiaomi,Redmi 12,4,128,726,0.85,1,15000,4500
Oppo,Oppo Reno 11 Pro,12,256,1193,0.68,0,48000,4000
Xiaomi,POCO X6,8,256,521,0.81,1,28000,9500
Huawei,Huawei Nova Y90,6,128,1314,0.55,0,25000,2000
Oppo,Oppo A38,4,128,430,0.81,1,17000,6500
OnePlus,OnePlus Nord CE 3 Lite,8,128,864,0.74,1,25000,6500
Huawei,Huawei Nova 11i,8,128,1317,0.45,1,28000,3000
OnePlus,OnePlus 12,12,256,1492,0.45,1,85000,8000
Samsung,Galaxy A15,6,128,656,0.84,1,22000,8000
OnePlus,OnePlus Nord CE 4,8,256,785,0.78,0,30000,6000
Xiaomi,Redmi 13C,4,128,868,0.72,1,13000,3000
Infinix,Infinix GT 10 Pro,8,256,1019,0.72,1,25000,4000
Apple,iPhone 12,4,64,212,1.0,1,72000,53000
Realme,Realme C53,4,64,455,0.76,1,13000,3500
Samsung,Galaxy M14,4,64,193,0.99,1,16000,9000
Samsung,Galaxy A15,6,128,1077,0.68,1,22000,3000
Xiaomi,POCO F5,8,256,756,0.66,1,38000,7000
Vivo,Vivo Y18,4,64,91,0.96,1,15000,9000
Samsung,Galaxy M14,4,64,1442,0.58,1,16000,2000
Xiaomi,POCO F5,8,256,791,0.7,1,38000,9500
Samsung,Galaxy A15,6,128,468,0.97,1,22000,10000
Infinix,Infinix Hot 40i,4,128,119,1.0,1,12000,5000
Samsung,Galaxy A15,6,128,1179,0.69,1,22000,3500
Realme,Realme C53,4,64,964,0.74,1,13000,2500
Xiaomi,POCO M6 Pro,6,128,1087,0.77,0,20000,2500
Realme,Realme C53,4,64,430,0.87,1,13000,5000
Realme,Realme 12 Pro+,8,256,1327,0.49,1,38000,3500
Oppo,Oppo Find X6 Pro,12,256,714,0.76,1,95000,23000
Apple,iPhone 14,6,128,487,0.8,1,115000,61500
Apple,iPhone 13,4,128,1231,0.6,1,95000,16500
Samsung,Galaxy A34,6,128,971,0.7,1,38000,8000
Samsung,Galaxy S23,8,256,423,0.87,1,95000,41000
Xiaomi,Redmi Note 13 Pro+,8,256,964,0.61,1,38000,6000
Realme,Realme Narzo 60,6,128,903,0.69,1,22000,3000
Apple,iPhone SE (3rd Gen),4,64,723,0.73,1,65000,23000
Oppo,Oppo Find X6 Pro,12,256,571,0.84,0,95000,23500
Xiaomi,Redmi Note 12,6,128,775,0.72,1,19000,4500
Xiaomi,Redmi Note 13,6,128,972,0.7,1,22000,4500
Samsung,Galaxy A55,8,256,490,0.85,1,52000,20500
Infinix,Infinix Note 30,8,128,761,0.78,0,20000,2500
OnePlus,OnePlus Nord 3,8,128,140,0.93,1,38000,23500
Realme,Realme GT Neo 5,8,256,1204,0.61,1,45000,5000
Samsung,Galaxy A34,6,128,729,0.81,0,38000,9000
OnePlus,OnePlus 12,12,256,1140,0.55,0,85000,9000
Samsung,Galaxy M14,4,64,1362,0.58,1,16000,2000
Realme,Realme GT Neo 5,8,256,524,0.88,1,45000,14000
Xiaomi,Redmi 12,4,128,623,0.85,1,15000,5000
OnePlus,OnePlus Nord CE 3 Lite,8,128,189,0.87,1,25000,14500
Infinix,Infinix Hot 40i,4,128,1468,0.52,1,12000,2000
Tecno,Tecno Camon 20,8,256,1229,0.66,1,22000,2000
Apple,iPhone SE (3rd Gen),4,64,136,0.93,1,65000,47500
Oppo,Oppo Reno 11,8,256,119,0.88,1,38000,21000
OnePlus,OnePlus Nord CE 4,8,256,588,0.91,1,30000,12500
Infinix,Infinix Note 30,8,128,1063,0.66,1,20000,2000
Realme,Realme Narzo 60,6,128,1086,0.62,1,22000,3000
Oppo,Oppo Reno 11,8,256,1123,0.69,1,38000,5000
Infinix,Infinix Note 30,8,128,1106,0.63,1,20000,2000
Samsung,Galaxy S23 Ultra,12,256,1310,0.59,1,155000,20500
Samsung,Galaxy S23 Ultra,12,256,332,0.93,1,155000,80500
Xiaomi,Redmi 13C,4,128,212,0.92,0,13000,5500
Infinix,Infinix GT 10 Pro,8,256,708,0.8,0,25000,4000
Apple,iPhone 12,4,64,656,0.81,1,72000,32500
Samsung,Galaxy A14,4,64,1237,0.57,0,18000,2000
Apple,iPhone 12,4,64,607,0.89,1,72000,32500
Xiaomi,Redmi A3,3,64,1083,0.68,1,10000,2000
Apple,iPhone 15,6,128,361,0.89,1,135000,73000
Samsung,Galaxy A25,6,128,999,0.69,1,30000,5500
Apple,iPhone 14,6,128,963,0.71,1,115000,31000
Samsung,Galaxy M14,4,64,1249,0.72,1,16000,2500
Apple,iPhone 15 Pro,8,256,362,0.83,1,170000,104000
Samsung,Galaxy S24 Ultra,12,512,140,0.96,1,175000,104500
Samsung,Galaxy S23,8,256,1221,0.59,1,95000,12500
Realme,Realme Narzo 60,6,128,1336,0.5,1,22000,2000
Samsung,Galaxy M34,6,128,78,1.0,1,28000,17500
Samsung,Galaxy A55,8,256,1039,0.52,0,52000,6000
Nokia,Nokia G42,6,128,542,0.86,1,22000,6000
Samsung,Galaxy A54,8,128,104,0.85,1,48000,31000
Apple,iPhone 13,4,128,580,0.78,1,95000,38000
Oppo,Oppo Find X6 Pro,12,256,592,0.76,1,95000,25000
Realme,Realme C53,4,64,1271,0.64,1,13000,2000
Vivo,Vivo V30,8,256,378,0.87,0,42000,12000
Tecno,Tecno Camon 20,8,256,912,0.66,1,22000,3000
Vivo,Vivo Y28,4,128,326,0.91,0,18000,6500
Oppo,Oppo A38,4,128,598,0.8,1,17000,5000
Nokia,Nokia G22,4,64,367,0.85,1,16000,6000
Samsung,Galaxy F15,4,128,532,0.79,1,15000,5000
Xiaomi,POCO F5,8,256,1455,0.56,1,38000,3500
Samsung,Galaxy S23 Ultra,12,256,452,0.84,1,155000,64000
Apple,iPhone 13,4,128,434,0.75,1,95000,46000
OnePlus,OnePlus Nord CE 4,8,256,310,0.88,1,30000,13500
Vivo,Vivo X100,12,256,1137,0.71,1,70000,11500
Xiaomi,Redmi A3,3,64,929,0.71,1,10000,2000
Apple,iPhone 15,6,128,1108,0.49,0,135000,19500
Xiaomi,POCO M6 Pro,6,128,1089,0.57,0,20000,2000
Xiaomi,POCO M6 Pro,6,128,338,0.92,1,20000,8500
Xiaomi,Redmi A3,3,64,35,0.95,1,10000,6500
OnePlus,OnePlus 12,12,256,1383,0.6,1,85000,10000
Nokia,Nokia G42,6,128,988,0.59,1,22000,2500
Oppo,Oppo A18,4,64,43,0.92,1,14000,8500
Realme,Realme C67,6,128,606,0.77,1,16000,4500
Vivo,Vivo V30e,8,256,803,0.82,1,35000,9000
Infinix,Infinix GT 10 Pro,8,256,663,0.77,0,25000,4000
Oppo,Oppo Reno 11 Pro,12,256,937,0.65,1,48000,7500
Samsung,Galaxy A15,6,128,1087,0.64,1,22000,3500
Realme,Realme Narzo 60,6,128,100,0.96,0,22000,8500
Oppo,Oppo Find X6 Pro,12,256,744,0.8,1,95000,28000
Vivo,Vivo V30e,8,256,920,0.64,1,35000,6000
Samsung,Galaxy A34,6,128,773,0.78,1,38000,10500
Samsung,Galaxy M14,4,64,599,0.86,1,16000,5500
Samsung,Galaxy S24 Ultra,12,512,1273,0.59,1,175000,22000
Apple,iPhone 14,6,128,958,0.77,1,115000,30000
OnePlus,OnePlus 12R,8,256,814,0.77,1,48000,12000
Samsung,Galaxy Z Flip5,8,256,625,0.73,1,125000,39000
Samsung,Galaxy A34,6,128,244,0.92,1,38000,21500
Samsung,Galaxy S23 Ultra,12,256,257,1.0,1,155000,86500
Oppo,Oppo A18,4,64,1364,0.45,0,14000,2000
Apple,iPhone SE (3rd Gen),4,64,674,0.71,1,65000,23000
Apple,iPhone 12,4,64,1012,0.76,1,72000,19000
Realme,Realme C67,6,128,62,0.96,1,16000,9500
Samsung,Galaxy S24 Ultra,12,512,275,0.96,1,175000,104000
Tecno,Tecno Camon 20,8,256,550,0.82,1,22000,6500
Samsung,Galaxy F15,4,128,330,0.86,1,15000,7500
Xiaomi,Redmi 12,4,128,883,0.7,0,15000,2500
Tecno,Tecno Pova 5,8,128,738,0.72,1,18000,3500
Huawei,Huawei Nova 11i,8,128,997,0.64,1,28000,3500
Vivo,Vivo Y18,4,64,1262,0.52,1,15000,2000
Apple,iPhone 15 Pro Max,8,512,278,1.0,1,210000,135000
Realme,Realme GT Neo 5,8,256,902,0.69,1,45000,7000
Samsung,Galaxy A25,6,128,1004,0.69,1,30000,5000
Vivo,Vivo V30e,8,256,117,0.95,1,35000,19000
Xiaomi,Redmi A3,3,64,706,0.69,1,10000,2000
Apple,iPhone 15 Pro,8,256,771,0.69,1,170000,45500
Xiaomi,Xiaomi 14,12,256,765,0.83,1,85000,26000
Tecno,Tecno Pova 5,8,128,1486,0.51,1,18000,2000
Apple,iPhone 15 Pro Max,8,512,1404,0.5,1,210000,31000
Apple,iPhone SE (3rd Gen),4,64,330,0.86,1,65000,36000
Apple,iPhone 13,4,128,142,1.0,1,95000,71000
Samsung,Galaxy A25,6,128,1072,0.63,1,30000,5000
Nokia,Nokia G42,6,128,1333,0.53,1,22000,2000
Samsung,Galaxy A54,8,128,811,0.81,0,48000,11000
Oppo,Oppo A78,8,128,1477,0.51,1,25000,2500
Xiaomi,Redmi A3,3,64,191,0.84,1,10000,5500
Samsung,Galaxy F15,4,128,1128,0.64,1,15000,2000
Vivo,Vivo X100,12,256,672,0.74,1,70000,17500
Oppo,Oppo Reno 11,8,256,1272,0.58,1,38000,4000
Realme,Realme C67,6,128,525,0.81,1,16000,5500
OnePlus,OnePlus 11,12,256,1493,0.51,0,65000,5000
Vivo,Vivo V30e,8,256,447,0.84,0,35000,10000
Tecno,Tecno Pova 5,8,128,768,0.77,1,18000,3500
Realme,Realme Narzo 60,6,128,1381,0.54,1,22000,2000
Vivo,Vivo V30,8,256,1328,0.51,1,42000,4500
Samsung,Galaxy S23,8,256,776,0.82,1,95000,30500
Xiaomi,Redmi Note 12,6,128,1382,0.54,1,19000,2000
Huawei,Huawei Nova Y90,6,128,557,0.78,1,25000,6500
Samsung,Galaxy Z Flip5,8,256,209,0.93,1,125000,68500
Xiaomi,POCO F5,8,256,1460,0.57,0,38000,3000
Xiaomi,POCO M6 Pro,6,128,562,0.81,1,20000,6500
Apple,iPhone SE (3rd Gen),4,64,710,0.73,1,65000,23000
Nokia,Nokia C32,3,64,665,0.82,1,12000,3500
Oppo,Oppo Reno 11 Pro,12,256,435,0.86,0,48000,13000
Infinix,Infinix Note 30,8,128,645,0.79,1,20000,4000
Samsung,Galaxy Z Flip5,8,256,226,1.0,1,125000,76000
Apple,iPhone 14 Pro,6,256,711,0.7,1,145000,53000
Nokia,Nokia C32,3,64,266,0.97,1,12000,5000
Samsung,Galaxy A14,4,64,253,0.99,1,18000,11000
Samsung,Galaxy S23 Ultra,12,256,336,0.86,1,155000,68500
Xiaomi,Redmi Note 13,6,128,611,0.84,1,22000,8000
Oppo,Oppo Reno 11 Pro,12,256,815,0.74,1,48000,10500
Vivo,Vivo X100,12,256,205,0.88,0,70000,24000
Realme,Realme Narzo 60,6,128,805,0.76,1,22000,4500
Apple,iPhone 15 Pro,8,256,1372,0.49,1,170000,23500
Samsung,Galaxy S24,8,256,716,0.76,0,105000,22000
Vivo,Vivo Y100,8,128,495,0.86,1,28000,10000
OnePlus,OnePlus Nord CE 3 Lite,8,128,601,0.8,0,25000,7000
Xiaomi,POCO F5,8,256,389,0.76,1,38000,14000
Realme,Realme Narzo 60,6,128,1261,0.62,0,22000,2000
Xiaomi,Redmi Note 13 Pro,8,128,397,0.93,1,30000,13500
Xiaomi,Redmi 12,4,128,1148,0.58,1,15000,2000
Xiaomi,POCO M6 Pro,6,128,676,0.75,1,20000,5500
Apple,iPhone 14,6,128,723,0.7,0,115000,30500
Oppo,Oppo Reno 11,8,256,1383,0.62,1,38000,4000
OnePlus,OnePlus Nord 3,8,128,421,0.81,1,38000,15500
Nokia,Nokia G22,4,64,1294,0.68,1,16000,2000
Apple,iPhone 15 Pro Max,8,512,620,0.86,1,210000,95000
Infinix,Infinix GT 10 Pro,8,256,876,0.72,1,25000,4000
Oppo,Oppo A38,4,128,392,0.97,1,17000,7500
Apple,iPhone 14 Pro,6,256,1487,0.56,0,145000,15000
Apple,iPhone 13,4,128,1336,0.57,1,95000,13000
OnePlus,OnePlus Nord CE 4,8,256,428,0.85,0,30000,10000
Xiaomi,Xiaomi 14,12,256,1278,0.59,1,85000,9000
Nokia,Nokia G42,6,128,995,0.58,1,22000,2500
Xiaomi,Redmi Note 13 Pro,8,128,891,0.73,1,30000,6500
Xiaomi,Xiaomi 14,12,256,813,0.72,0,85000,13500
Huawei,Huawei Nova Y90,6,128,1415,0.49,1,25000,2500
Realme,Realme 12 Pro+,8,256,1147,0.61,1,38000,4500
Xiaomi,Redmi Note 13,6,128,1135,0.65,1,22000,3000
Oppo,Oppo A18,4,64,1361,0.63,1,14000,2000
Samsung,Galaxy A54,8,128,1454,0.56,1,48000,5000
Samsung,Galaxy A34,6,128,177,1.0,1,38000,21500
Samsung,Galaxy A14,4,64,783,0.72,1,18000,5000
Xiaomi,Redmi A3,3,64,481,0.79,1,10000,3000
Oppo,Oppo Reno 11,8,256,282,1.0,0,38000,13500
Realme,Realme 12 Pro,8,256,1391,0.55,1,32000,3000
Samsung,Galaxy M14,4,64,1386,0.56,1,16000,2000
Xiaomi,Redmi 13C,4,128,1447,0.56,1,13000,2000
Tecno,Tecno Pova 5,8,128,441,0.96,1,18000,6500
Xiaomi,Redmi Note 13 Pro+,8,256,1391,0.56,1,38000,4000
Vivo,Vivo V30,8,256,1285,0.6,1,42000,4500
Nokia,Nokia C32,3,64,219,0.99,1,12000,5000
Oppo,Oppo Reno 11 Pro,12,256,1418,0.57,0,48000,4000
OnePlus,OnePlus 12,12,256,1151,0.55,1,85000,12500
Xiaomi,POCO X6,8,256,1057,0.63,0,28000,3000
OnePlus,OnePlus Nord CE 3 Lite,8,128,555,0.91,1,25000,10500
Vivo,Vivo V30e,8,256,1454,0.51,1,35000,3500
Apple,iPhone SE (3rd Gen),4,64,927,0.69,1,65000,14000
Apple,iPhone 14,6,128,408,0.86,1,115000,66500
Infinix,Infinix Hot 40i,4,128,513,0.83,1,12000,3500
Vivo,Vivo Y100,8,128,669,0.72,0,28000,5000
Infinix,Infinix GT 10 Pro,8,256,1178,0.6,1,25000,2500
Samsung,Galaxy A55,8,256,609,0.79,0,52000,12000
Samsung,Galaxy S23 Ultra,12,256,587,0.85,1,155000,55000
Realme,Realme GT Neo 5,8,256,1303,0.64,1,45000,4500
Samsung,Galaxy S23 Ultra,12,256,763,0.74,1,155000,42000
Samsung,Galaxy M34,6,128,194,1.0,1,28000,16500
Samsung,Galaxy S24,8,256,296,0.94,0,105000,41000
Realme,Realme 12 Pro,8,256,1218,0.62,1,32000,3500
Samsung,Galaxy A14,4,64,937,0.71,1,18000,4000
Oppo,Oppo Reno 11 Pro,12,256,887,0.77,1,48000,10500
OnePlus,OnePlus Nord 3,8,128,924,0.7,1,38000,8500
Xiaomi,Redmi Note 13 Pro,8,128,1194,0.61,1,30000,4000
Samsung,Galaxy S24,8,256,510,0.84,1,105000,39500
OnePlus,OnePlus 11,12,256,1232,0.51,1,65000,8500
Xiaomi,Redmi Note 12,6,128,167,0.92,1,19000,9500
Tecno,Tecno Camon 20,8,256,1377,0.51,1,22000,2000
OnePlus,OnePlus Nord CE 4,8,256,955,0.66,1,30000,5000
Tecno,Tecno Spark 20,4,128,584,0.77,1,14000,3500
Infinix,Infinix Hot 40i,4,128,398,0.81,1,12000,4000
Xiaomi,Xiaomi 14,12,256,229,0.83,0,85000,31500
Xiaomi,Redmi 13C,4,128,1191,0.72,0,13000,2000
Huawei,Huawei Nova 11i,8,128,1271,0.72,1,28000,4000
Xiaomi,POCO F5,8,256,736,0.73,1,38000,9000
Xiaomi,Redmi Note 12,6,128,670,0.8,1,19000,6000
Samsung,Galaxy A25,6,128,892,0.7,1,30000,7500
Samsung,Galaxy A25,6,128,1241,0.53,1,30000,4000
Xiaomi,Redmi Note 12,6,128,1210,0.66,0,19000,2000
Realme,Realme 12 Pro+,8,256,693,0.8,1,38000,11500
Huawei,Huawei Nova 11i,8,128,572,0.83,1,28000,8500
Oppo,Oppo A38,4,128,211,0.92,1,17000,8500
Realme,Realme C53,4,64,470,0.77,1,13000,3500
Xiaomi,Redmi Note 12,6,128,703,0.71,1,19000,5000
Samsung,Galaxy M34,6,128,888,0.74,1,28000,6500
Realme,Realme Narzo 60,6,128,1288,0.55,1,22000,2500
Realme,Realme Narzo 60,6,128,593,0.66,0,22000,3500
Oppo,Oppo Reno 11 Pro,12,256,949,0.63,0,48000,5500
Vivo,Vivo Y28,4,128,606,0.8,1,18000,5500
Samsung,Galaxy A15,6,128,602,0.78,1,22000,7000
Xiaomi,Redmi A3,3,64,136,0.98,1,10000,5500
Apple,iPhone 14 Pro,6,256,1285,0.61,1,145000,24000
Samsung,Galaxy S23,8,256,236,0.86,1,95000,52500
Vivo,Vivo Y28,4,128,517,0.9,1,18000,6500
Xiaomi,Redmi 12,4,128,1151,0.65,1,15000,2000
Xiaomi,Redmi 12,4,128,928,0.72,1,15000,3000
Vivo,Vivo X100,12,256,304,0.92,1,70000,34000
Realme,Realme 12 Pro+,8,256,1367,0.59,0,38000,3000
Samsung,Galaxy A55,8,256,460,0.87,0,52000,16000
Infinix,Infinix Hot 40i,4,128,94,1.0,1,12000,5500
Huawei,Huawei Nova Y90,6,128,999,0.66,1,25000,3500
Xiaomi,Redmi 12,4,128,729,0.8,1,15000,4500
Vivo,Vivo Y28,4,128,159,0.98,1,18000,10500
Samsung,Galaxy A34,6,128,789,0.74,0,38000,7500
Vivo,Vivo Y28,4,128,326,0.84,1,18000,7500
Samsung,Galaxy A54,8,128,594,0.89,1,48000,18500
Samsung,Galaxy A54,8,128,155,1.0,1,48000,31000
OnePlus,OnePlus 11,12,256,1144,0.57,1,65000,9000
Vivo,Vivo Y18,4,64,140,0.92,1,15000,8500
Samsung,Galaxy Z Flip5,8,256,846,0.71,0,125000,23500
Samsung,Galaxy F15,4,128,1429,0.51,1,15000,2000
Xiaomi,POCO X6,8,256,754,0.76,1,28000,7000
Huawei,Huawei Nova 11i,8,128,1151,0.66,1,28000,3000
Nokia,Nokia G22,4,64,1188,0.6,1,16000,2000
Xiaomi,POCO M6 Pro,6,128,182,0.94,1,20000,10500
Apple,iPhone 15,6,128,962,0.64,1,135000,30500
Samsung,Galaxy S24,8,256,570,0.77,1,105000,34000
Oppo,Oppo A18,4,64,79,1.0,1,14000,7500
Realme,Realme C53,4,64,979,0.59,0,13000,2000
Apple,iPhone 14 Pro,6,256,756,0.62,1,145000,40000
Xiaomi,Redmi 13C,4,128,427,0.84,1,13000,5000
Xiaomi,Redmi Note 13 Pro,8,128,965,0.64,0,30000,3500
Huawei,Huawei Nova 11i,8,128,779,0.66,0,28000,3500
Xiaomi,Redmi 13C,4,128,913,0.69,1,13000,2000
Vivo,Vivo V30e,8,256,603,0.83,0,35000,8000
Realme,Realme 12 Pro,8,256,1072,0.63,1,32000,4000
Samsung,Galaxy S24 Ultra,12,512,1199,0.55,1,175000,23000
Xiaomi,Redmi Note 13,6,128,195,0.92,0,22000,8500
Huawei,Huawei Nova Y90,6,128,158,0.92,1,25000,12000
Xiaomi,POCO M6 Pro,6,128,790,0.72,1,20000,5000
OnePlus,OnePlus Nord CE 4,8,256,801,0.82,1,30000,9000
Samsung,Galaxy S24,8,256,544,0.77,1,105000,32500
Oppo,Oppo Reno 11,8,256,1350,0.6,1,38000,3500
Infinix,Infinix Hot 40i,4,128,122,0.94,1,12000,5500
Vivo,Vivo Y100,8,128,1100,0.58,0,28000,2500
OnePlus,OnePlus Nord 3,8,128,418,0.77,1,38000,14000
Realme,Realme Narzo 60,6,128,727,0.73,1,22000,5000
Xiaomi,Redmi Note 13 Pro,8,128,256,0.8,0,30000,9500
Tecno,Tecno Spark 20,4,128,1300,0.49,1,14000,2000
Apple,iPhone 15 Pro,8,256,804,0.72,0,170000,40500
Xiaomi,POCO F5,8,256,981,0.77,0,38000,6000
Apple,iPhone 15 Pro Max,8,512,1481,0.46,1,210000,27000
Apple,iPhone 14,6,128,871,0.79,1,115000,35500
Apple,iPhone SE (3rd Gen),4,64,1332,0.59,1,65000,9000
OnePlus,OnePlus Nord CE 4,8,256,1062,0.65,1,30000,5000
Realme,Realme 12 Pro,8,256,647,0.78,1,32000,7500
Xiaomi,Xiaomi 14,12,256,530,0.85,1,85000,29500
Samsung,Galaxy A34,6,128,1462,0.61,1,38000,4000
Apple,iPhone 13,4,128,428,0.84,1,95000,52500
Samsung,Galaxy A15,6,128,1361,0.52,1,22000,2500
Samsung,Galaxy A54,8,128,415,0.79,1,48000,18000
Xiaomi,POCO M6 Pro,6,128,906,0.7,1,20000,4500
Apple,iPhone 15,6,128,1384,0.51,1,135000,20000
Infinix,Infinix Note 30,8,128,905,0.78,1,20000,3500
Samsung,Galaxy S24,8,256,659,0.86,1,105000,35500
Infinix,Infinix Hot 40i,4,128,838,0.64,1,12000,2000
Huawei,Huawei Nova Y90,6,128,521,0.87,1,25000,8000
OnePlus,OnePlus 12R,8,256,170,0.91,1,48000,27000
Oppo,Oppo Find X6 Pro,12,256,800,0.72,1,95000,22500
Huawei,Huawei Nova 11i,8,128,561,0.89,0,28000,6500
Tecno,Tecno Pova 5,8,128,1238,0.62,1,18000,2000
Apple,iPhone 14 Pro,6,256,1185,0.67,1,145000,26500
Infinix,Infinix Hot 40i,4,128,869,0.73,1,12000,2000
Infinix,Infinix Note 30,8,128,954,0.63,0,20000,2000
Samsung,Galaxy A34,6,128,868,0.71,1,38000,9000
Apple,iPhone 14 Pro,6,256,1363,0.55,1,145000,22000
Apple,iPhone 15 Pro Max,8,512,1304,0.58,1,210000,33500
Oppo,Oppo Reno 11 Pro,12,256,1120,0.5,1,48000,6500
Huawei,Huawei Nova Y90,6,128,308,0.91,1,25000,10500
Apple,iPhone 12,4,64,1223,0.62,1,72000,12000
Samsung,Galaxy A14,4,64,820,0.8,1,18000,5000
Vivo,Vivo Y28,4,128,1085,0.6,0,18000,2000
Infinix,Infinix Hot 40i,4,128,803,0.77,1,12000,2000
Oppo,Oppo Reno 11,8,256,1480,0.45,0,38000,3000
Xiaomi,Xiaomi 14,12,256,904,0.69,1,85000,14000
Samsung,Galaxy A55,8,256,399,0.8,0,52000,16000
Huawei,Huawei Nova Y90,6,128,915,0.78,1,25000,4500
Oppo,Oppo Find X6 Pro,12,256,274,0.91,1,95000,48000
Samsung,Galaxy S23,8,256,414,0.85,0,95000,32500
